<catalog>
    <widget>
        <name>widget-forms-mvc</name>
        <contextItemName>[BBHOST]</contextItemName>
        <properties>
            <property name="TemplateName">
                <value type="string">Standard_Widget</value>
            </property>
            <property name="title">
                <value type="string">Forms Widget</value>
            </property>
            <property name="thumbnailUrl">
                <value type="string">$(itemRoot)/icon.png</value>
            </property>
            <property label="Widget Chrome" name="widgetChrome" viewHint="select-one,user,designModeOnly">
                <value type="string">$(contextRoot)/static/backbase.com.2012.aurora/html/chromes/widget_none.html</value>
            </property>
            <property name="src">
                <value type="string">$(itemRoot)/index.html</value>
            </property>

            <!-- Form specific -->
            <property name="runtimeService" label="Forms proxy service" viewHint="text-input,manager,designModeOnly">
                <value type="string">$(contextRoot)/services/forms</value>
            </property>

            <property name="oauthUser" label="oAuth Username" viewHint="text-input,manager,designModeOnly">
                <value type="string">admin</value>
            </property>
            <property name="oauthPassword" label="oAuth Password" viewHint="text-input,manager,designModeOnly">
                <value type="string">admin</value>
            </property>

            <property name="shortcut" label="Forms shortcut" viewHint="select-one,manager,designModeOnly">
                <value type="string"></value>
            </property>

            <!--<property name="project" label="Forms project" viewHint="text-input,manager,designModeOnly">-->
                <!--<value type="string"></value>-->
            <!--</property>-->
            <!--<property name="flow" label="Forms flow" viewHint="text-input,manager,designModeOnly">-->
                <!--<value type="string"></value>-->
            <!--</property>-->
            <!--<property name="branch" label="Forms version" viewHint="text-input,manager,designModeOnly">-->
                <!--<value type="string"></value>-->
            <!--</property>-->
            <!--<property name="lang" label="Forms language code" viewHint="text-input,manager,designModeOnly">-->
                <!--<value type="string"></value>-->
            <!--</property>-->
        </properties>
        <tags>
            <tag type="regular">forms</tag>
            <tag type="section">universal</tag>
        </tags>
    </widget>
</catalog>
