<serverWidgets>
    <widget>
        <contextItemName>[BBHOST]</contextItemName>
        <name>widget-accounts</name>
        <properties>
            <property name="Description">
                <value type="String"/>
            </property>
            <property name="TemplateName">
                <value type="string">Standard_Widget</value>
            </property>
            <property label="Accounts Data Source" name="accountsDataSrc" viewHint="text-input,admin,designModeOnly">
                <value type="string">$(servicesPath)/services/rest/v1/customer-assets</value>
            </property>
            <property name="area">
                <value type="string"/>
            </property>
            <property label="Default Account Id" name="defaultAccountId">
                <value type="string"/>
            </property>
            <property label="Default balance" name="defaultBalance" viewHint="select-one,admin,designModeOnly">
                <value type="string">current</value>
            </property>
            <property label="Group by internal and external" name="groupByInternalExternal" viewHint="checkbox,admin,designModeOnly">
                <value type="boolean">false</value>
            </property>
            <property label="Groups Data Source" name="groupsDataSrc" viewHint="text-input,admin,designModeOnly">
                <value type="string">$(contextRoot)/static/widgets/[BBHOST]/widget-accounts/data/groups.json</value>
            </property>
            <property label="Icon" name="icon" viewHint="text-input,admin,designModeOnly">
                <value type="string">accounts</value>
            </property>
            <property label="Locale" name="locale">
                <value type="string">en</value>
            </property>
            <property name="order">
                <value type="double">0.0</value>
            </property>
            <property label="Select Default Account" name="selectDefaultAccount" viewHint="checkbox,admin,designModeOnly">
                <value type="boolean">true</value>
            </property>
            <property label="Show All Finances Option" name="showAllFinances" viewHint="checkbox,admin,designModeOnly">
                <value type="boolean">false</value>
            </property>
            <property label="Show Groups Total" name="showGroupTotals" viewHint="checkbox,admin,designModeOnly">
                <value type="boolean">false</value>
            </property>
            <property label="Show Groups" name="showGroups" viewHint="checkbox,admin,designModeOnly">
                <value type="boolean">true</value>
            </property>
            <property name="src">
                <value type="string">$(contextRoot)/static/widgets/[BBHOST]/widget-accounts/index.html</value>
            </property>
            <property name="thumbnailUrl">
                <value type="string">$(contextRoot)/static/widgets/[BBHOST]/widget-accounts/icon.png</value>
            </property>
            <property label="Title" name="title" viewHint="text-input,admin,designModeOnly">
                <value type="string">Accounts</value>
            </property>
            <property label="Version" name="version" viewHint="designModeOnly">
                <value type="string">2.11.3</value>
            </property>
            <property label="Widget Chrome" name="widgetChrome" viewHint="select-one,admin,designModeOnly">
                <value type="string">$(contextRoot)/static/features/[BBHOST]/chromes/blank/chrome-blank.html</value>
            </property>
            <property label="Widget layout" name="widgetLayout" viewHint="select-one,admin,designModeOnly">
                <value type="string">default</value>
            </property>
        </properties>
        <tags>
            <tag blacklist="false" type="behavior">accounts</tag>
            <tag blacklist="false" type="regular">accounts</tag>
            <tag blacklist="false" type="section">banking</tag>
            <tag blacklist="false" type="regular">retail-banking</tag>
        </tags>
        <uuid>63984154-df69-4d7f-97ce-df70ca313210</uuid>
    </widget>
    <widget>
        <contextItemName>[BBHOST]</contextItemName>
        <name>widget-addressbook</name>
        <properties>
            <property name="Description">
                <value type="String"/>
            </property>
            <property name="TemplateName">
                <value type="string">Standard_Widget</value>
            </property>
            <property label="Accounts Data Source" name="accountsDataSrc" viewHint="text-input,admin,designModeOnly">
                <value type="string">$(servicesPath)/services/rest/v1/accounts</value>
            </property>
            <property name="area">
                <value type="string"/>
            </property>
            <property label="Contact Data Source" name="contactDataSrc" viewHint="text-input,admin,designModeOnly">
                <value type="string">$(servicesPath)/services/rest/v1/party-data-management/counter-party/$(contactId)</value>
            </property>
            <property label="Contact Details Data Source" name="contactDetailsDataSrc" viewHint="text-input,admin,designModeOnly">
                <value type="string">$(servicesPath)/services/rest/v1/party-data-management/counter-party/$(contactId)/details</value>
            </property>
            <property label="Contact List Data Source" name="contactListDataSrc" viewHint="text-input,admin,designModeOnly">
                <value type="string">$(servicesPath)/services/rest/v1/counterparties</value>
            </property>
            <property label="Icon" name="icon" viewHint="text-input,admin,designModeOnly">
                <value type="string">addressbook</value>
            </property>
            <property label="Locale" name="locale">
                <value type="string">en</value>
            </property>
            <property name="order">
                <value type="double">0.0</value>
            </property>
            <property label="Payment Orders Data Source" name="paymentOrdersDataSrc" viewHint="text-input,admin,designModeOnly">
                <value type="string">$(servicesPath)/services/rest/v1/payment-orders/:accountIds/:paymentId/:action</value>
            </property>
            <property name="src">
                <value type="string">$(contextRoot)/static/widgets/[BBHOST]/widget-addressbook/index.html</value>
            </property>
            <property name="thumbnailUrl">
                <value type="string">$(contextRoot)/static/widgets/[BBHOST]/widget-addressbook/icon.png</value>
            </property>
            <property label="Title" name="title" viewHint="text-input,admin,designModeOnly">
                <value type="string">Address Book</value>
            </property>
            <property label="Transactions Data Source" name="transactionsEndpoint" viewHint="text-input,admin,designModeOnly">
                <value type="string">$(servicesPath)/services/rest/v1/current-accounts/$(accountId)/transactions</value>
            </property>
            <property label="Version" name="version" viewHint="designModeOnly">
                <value type="string">3.1.5</value>
            </property>
            <property label="Widget Chrome" name="widgetChrome" viewHint="select-one,admin,designModeOnly">
                <value type="string">$(contextRoot)/static/features/[BBHOST]/chromes/blank/chrome-blank.html</value>
            </property>
        </properties>
        <tags>
            <tag blacklist="false" type="behavior">address-book</tag>
            <tag blacklist="false" type="section">banking</tag>
            <tag blacklist="false" type="regular">contacts</tag>
            <tag blacklist="false" type="regular">retail-banking</tag>
        </tags>
        <uuid>b47f504b-759c-4262-9e9c-6a53a348ee6b</uuid>
    </widget>
    <widget>
        <contextItemName>[BBHOST]</contextItemName>
        <name>widget-advanced-content</name>
        <properties>
            <property name="Description">
                <value type="String"/>
            </property>
            <property name="TemplateName">
                <value type="string">Standard_Widget</value>
            </property>
            <property name="area">
                <value type="string"/>
            </property>
            <property label="Background position" name="bgImageContainer" viewHint="select-one,manager">
                <value type="string">widget</value>
            </property>
            <property label="Background Scroll" name="bgImageScroll" viewHint="select-one,manager">
                <value type="string">scroll</value>
            </property>
            <property label="Background image size" name="bgImageSize" viewHint="select-one,manager">
                <value type="string">auto</value>
            </property>
            <property label="Height" name="height" viewHint="text-input,admin,designModeOnly">
                <value type="string"/>
            </property>
            <property label="Icon Class" name="icon">
                <value type="string"/>
            </property>
            <property label="Locale" name="locale">
                <value type="string">en</value>
            </property>
            <property name="order">
                <value type="double">0.0</value>
            </property>
            <property name="src">
                <value type="string">$(contextRoot)/static/widgets/[BBHOST]/widget-advanced-content/index.html</value>
            </property>
            <property label="Templates" name="templateList">
                <value type="string">Jumbotron,$(contextRoot)/static/features/[BBHOST]/content-templates/templates/jumbotron.html,
          Thumbnail,$(contextRoot)/static/features/[BBHOST]/content-templates/templates/thumbnail.html,
          Callout,$(contextRoot)/static/features/[BBHOST]/content-templates/templates/callout.html,
          Callout with image,$(contextRoot)/static/features/[BBHOST]/content-templates/templates/callout-with-image.html,
          Background image,$(contextRoot)/static/features/[BBHOST]/content-templates/templates/background-image.html,
          Promo Banner,$(contextRoot)/static/features/[BBHOST]/content-templates/templates/promo-banner.html</value>
            </property>
            <property label="Content Template" name="templateUrl" viewHint="select-one,admin,designModeOnly">
                <value type="string">$(contextRoot)/static/features/[BBHOST]/content-templates/templates/jumbotron.html</value>
            </property>
            <property name="thumbnailUrl">
                <value type="string">$(contextRoot)/static/widgets/[BBHOST]/widget-advanced-content/icon.png</value>
            </property>
            <property label="Title" name="title" viewHint="text-input,user">
                <value type="string">Advanced Content</value>
            </property>
            <property label="Version" name="version" viewHint="designModeOnly">
                <value type="string">1.0.1</value>
            </property>
            <property label="Widget Chrome" name="widgetChrome" viewHint="select-one,admin,designModeOnly">
                <value type="string">$(contextRoot)/static/features/[BBHOST]/chromes/blank/chrome-blank.html</value>
            </property>
        </properties>
        <tags>
            <tag blacklist="false" type="section">banking</tag>
            <tag blacklist="false" type="regular">content</tag>
            <tag blacklist="false" type="section">content</tag>
            <tag blacklist="false" type="regular">retail-banking</tag>
        </tags>
        <uuid>cef4163a-908d-49d6-9536-ff5ffa004401</uuid>
    </widget>
    <widget>
        <contextItemName>[BBHOST]</contextItemName>
        <name>widget-alert-messages</name>
        <properties>
            <property name="Description">
                <value type="String"/>
            </property>
            <property name="TemplateName">
                <value type="string">Standard_Widget</value>
            </property>
            <property label="Accounts List Endpoint" name="accountsEndpoint" viewHint="text-input,admin,designModeOnly">
                <value type="string">$(servicesPath)/services/rest/v1/accounts</value>
            </property>
            <property name="area">
                <value type="string"/>
            </property>
            <property label="Single Automation Endpoint" name="automationEndpoint" viewHint="text-input,admin,designModeOnly">
                <value type="string">$(servicesPath)/services/rest/v1/alert-recipes/</value>
            </property>
            <property label="Activate Automation Endpoint" name="automationsActivationEndpoint" viewHint="text-input,admin,designModeOnly">
                <value type="string">$(servicesPath)/services/rest/v1/alert-recipes/{id}/activation_request</value>
            </property>
            <property label="Deactivate Automation Endpoint" name="automationsDeactivationEndpoint" viewHint="text-input,admin,designModeOnly">
                <value type="string">$(servicesPath)/services/rest/v1/alert-recipes/{id}/deactivation_request</value>
            </property>
            <property label="Automations List Endpoint" name="automationsEndpoint" viewHint="text-input,admin,designModeOnly">
                <value type="string">$(servicesPath)/services/rest/v1/alert-recipes</value>
            </property>
            <property label="Icon" name="icon" viewHint="text-input,admin,designModeOnly">
                <value type="string">rocket</value>
            </property>
            <property name="locale">
                <value type="string">en-US</value>
            </property>
            <property name="order">
                <value type="double">0.0</value>
            </property>
            <property label="Recipes List Endpoint" name="recipesEndpoint" viewHint="text-input,admin,designModeOnly">
                <value type="string">$(servicesPath)/services/rest/v1/alert-recipe-specifications</value>
            </property>
            <property name="src">
                <value type="string">$(contextRoot)/static/widgets/[BBHOST]/widget-alert-messages/index.html</value>
            </property>
            <property name="thumbnailUrl">
                <value type="string">$(contextRoot)/static/widgets/[BBHOST]/widget-alert-messages/icon.png</value>
            </property>
            <property label="Title" name="title">
                <value type="string">Alert Messages</value>
            </property>
            <property label="Version" name="version" viewHint="designModeOnly">
                <value type="string">2.2.10</value>
            </property>
            <property label="Widget Chrome" name="widgetChrome" viewHint="select-one,admin,designModeOnly">
                <value type="string">$(contextRoot)/static/features/[BBHOST]/chromes/blank/chrome-blank.html</value>
            </property>
        </properties>
        <tags>
            <tag blacklist="false" type="section">banking</tag>
            <tag blacklist="false" type="regular">notification</tag>
            <tag blacklist="false" type="regular">retail-banking</tag>
        </tags>
        <uuid>e7314dbd-af41-426d-ac9c-991cf2aff794</uuid>
    </widget>
    <widget>
        <contextItemName>[BBHOST]</contextItemName>
        <name>widget-budgets</name>
        <properties>
            <property name="Description">
                <value type="String"/>
            </property>
            <property name="TemplateName">
                <value type="string">Standard_Widget</value>
            </property>
            <property label="Accounts Data Source" name="accountsDataSrc" viewHint="admin,text-input,designModeOnly">
                <value type="string">$(servicesPath)/services/rest/v1/accounts</value>
            </property>
            <property name="area">
                <value type="string"/>
            </property>
            <property name="budgetOrder">
                <value type="string">budgetnew</value>
            </property>
            <property label="Budgets Data Source" name="budgetsDataSrc" viewHint="admin,text-input,designModeOnly">
                <value type="string">$(servicesPath)/services/rest/v1/pfm/budgets/:budgetId</value>
            </property>
            <property label="Categories Data Source" name="categoriesDataSrc" viewHint="admin,text-input,designModeOnly">
                <value type="string">$(servicesPath)/services/rest/v1/pfm/transaction-categories</value>
            </property>
            <property label="Icon" name="icon" viewHint="text-input,user,designModeOnly">
                <value type="string">budgets</value>
            </property>
            <property name="locale">
                <value type="string">en-US</value>
            </property>
            <property name="order">
                <value type="double">0.0</value>
            </property>
            <property name="src">
                <value type="string">$(contextRoot)/static/widgets/[BBHOST]/widget-budgets/index.html</value>
            </property>
            <property name="thumbnailUrl">
                <value type="string">$(contextRoot)/static/widgets/[BBHOST]/widget-budgets/icon.png</value>
            </property>
            <property label="Title" name="title" viewHint="user,text-input,designModeOnly">
                <value type="string">Budgets</value>
            </property>
            <property label="Transactions Data Source" name="transactionsDataSrc" viewHint="admin,text-input,designModeOnly">
                <value type="string">$(servicesPath)/services/rest/v1/transactions</value>
            </property>
            <property label="Version" name="version" viewHint="designModeOnly">
                <value type="string">2.3.5</value>
            </property>
            <property label="Widget Chrome" name="widgetChrome" viewHint="select-one,admin,designModeOnly">
                <value type="string">$(contextRoot)/static/features/[BBHOST]/chromes/blank/chrome-blank.html</value>
            </property>
        </properties>
        <tags>
            <tag blacklist="false" type="section">banking</tag>
            <tag blacklist="false" type="regular">pfm</tag>
            <tag blacklist="false" type="regular">retail-banking</tag>
        </tags>
        <uuid>d1883b80-868d-44af-8b75-fd3e3d310489</uuid>
    </widget>
    <widget>
        <contextItemName>[BBHOST]</contextItemName>
        <name>widget-card-details</name>
        <properties>
            <property name="Description">
                <value type="String"/>
            </property>
            <property name="TemplateName">
                <value type="string">Standard_Widget</value>
            </property>
            <property name="area">
                <value type="string"/>
            </property>
            <property label="Data source for Cards data" name="cardDataSrc" viewHint="text-input,admin,designModeOnly">
                <value type="string">$(servicesPath)/services/rest/v1/cards/:id</value>
            </property>
            <property label="Icon" name="icon" viewHint="text-input,admin,designModeOnly">
                <value type="string">card-details</value>
            </property>
            <property label="Locale" name="locale">
                <value type="string">en</value>
            </property>
            <property name="order">
                <value type="double">0.0</value>
            </property>
            <property name="src">
                <value type="string">$(contextRoot)/static/widgets/[BBHOST]/widget-card-details/index.html</value>
            </property>
            <property name="thumbnailUrl">
                <value type="string">$(contextRoot)/static/widgets/[BBHOST]/widget-card-details/icon.png</value>
            </property>
            <property label="Title" name="title" viewHint="text-input,admin,designModeOnly">
                <value type="string">Card Details</value>
            </property>
            <property label="Version" name="version" viewHint="designModeOnly">
                <value type="string">2.1.7</value>
            </property>
            <property label="Widget Chrome" name="widgetChrome" viewHint="select-one,admin,designModeOnly">
                <value type="string">$(contextRoot)/static/features/[BBHOST]/chromes/blank/chrome-blank.html</value>
            </property>
        </properties>
        <tags>
            <tag blacklist="false" type="section">banking</tag>
            <tag blacklist="false" type="regular">cards</tag>
            <tag blacklist="false" type="regular">retail-banking</tag>
        </tags>
        <uuid>bd986fc3-9680-4a3e-933c-1bfac662f1b0</uuid>
    </widget>
    <widget>
        <contextItemName>[BBHOST]</contextItemName>
        <name>widget-card-loyalty</name>
        <properties>
            <property name="Description">
                <value type="String"/>
            </property>
            <property name="TemplateName">
                <value type="string">Standard_Widget</value>
            </property>
            <property name="area">
                <value type="string"/>
            </property>
            <property label="Data source for Cards data" name="cardDataSrc" viewHint="text-input,admin,designModeOnly">
                <value type="string">$(servicesPath)/services/rest/v1/cards/:id/:noun</value>
            </property>
            <property label="Icon" name="icon" viewHint="text-input,admin,designModeOnly">
                <value type="string">card-loyalty</value>
            </property>
            <property label="Locale" name="locale">
                <value type="string">en</value>
            </property>
            <property name="order">
                <value type="double">0.0</value>
            </property>
            <property name="src">
                <value type="string">$(contextRoot)/static/widgets/[BBHOST]/widget-card-loyalty/index.html</value>
            </property>
            <property name="thumbnailUrl">
                <value type="string">$(contextRoot)/static/widgets/[BBHOST]/widget-card-loyalty/icon.png</value>
            </property>
            <property label="Title" name="title" viewHint="text-input,admin,designModeOnly">
                <value type="string">Card Loyalty</value>
            </property>
            <property label="Version" name="version" viewHint="designModeOnly">
                <value type="string">2.1.7</value>
            </property>
            <property label="Widget Chrome" name="widgetChrome" viewHint="select-one,admin,designModeOnly">
                <value type="string">$(contextRoot)/static/features/[BBHOST]/chromes/blank/chrome-blank.html</value>
            </property>
        </properties>
        <tags>
            <tag blacklist="false" type="section">banking</tag>
            <tag blacklist="false" type="regular">cards</tag>
            <tag blacklist="false" type="regular">retail-banking</tag>
        </tags>
        <uuid>682fa381-6a6d-475b-bf6d-e66f52d1e298</uuid>
    </widget>
    <widget>
        <contextItemName>[BBHOST]</contextItemName>
        <name>widget-card-overview</name>
        <properties>
            <property name="Description">
                <value type="String"/>
            </property>
            <property name="TemplateName">
                <value type="string">Standard_Widget</value>
            </property>
            <property label="Accounts Data Source" name="accountsDataSrc" viewHint="text-input,admin,designModeOnly">
                <value type="string">$(servicesPath)/services/rest/v1/accounts</value>
            </property>
            <property name="area">
                <value type="string"/>
            </property>
            <property label="Data source for Cards data" name="cardDataSrc" viewHint="text-input,admin,designModeOnly">
                <value type="string">$(servicesPath)/services/rest/v1/cards/:id/:noun</value>
            </property>
            <property label="Icon" name="icon" viewHint="text-input,admin,designModeOnly">
                <value type="string">account</value>
            </property>
            <property label="Locale" name="locale">
                <value type="string">en</value>
            </property>
            <property name="order">
                <value type="double">0.0</value>
            </property>
            <property name="src">
                <value type="string">$(contextRoot)/static/widgets/[BBHOST]/widget-card-overview/index.html</value>
            </property>
            <property name="thumbnailUrl">
                <value type="string">$(contextRoot)/static/widgets/[BBHOST]/widget-card-overview/icon.png</value>
            </property>
            <property label="Title" name="title" viewHint="text-input,admin,designModeOnly">
                <value type="string">Card Overview</value>
            </property>
            <property label="Version" name="version" viewHint="designModeOnly">
                <value type="string">2.1.11</value>
            </property>
            <property label="Widget Chrome" name="widgetChrome" viewHint="select-one,admin,designModeOnly">
                <value type="string">$(contextRoot)/static/features/[BBHOST]/chromes/blank/chrome-blank.html</value>
            </property>
        </properties>
        <tags>
            <tag blacklist="false" type="section">banking</tag>
            <tag blacklist="false" type="behavior">card-management</tag>
            <tag blacklist="false" type="regular">cards</tag>
            <tag blacklist="false" type="regular">retail-banking</tag>
        </tags>
        <uuid>ce1eb295-e428-4bac-b815-95bbd6dda2e1</uuid>
    </widget>
    <widget>
        <contextItemName>[BBHOST]</contextItemName>
        <name>widget-category-spendings-chart</name>
        <properties>
            <property name="Description">
                <value type="String"/>
            </property>
            <property name="TemplateName">
                <value type="string">Standard_Widget</value>
            </property>
            <property name="area">
                <value type="string"/>
            </property>
            <property label="Transaction Categories Data Source" name="categoriesDataSrc" viewHint="user,text-input,designModeOnly">
                <value type="string">$(servicesPath)/services/rest/v1/pfm/transaction-categories</value>
            </property>
            <property label="Category Spendings Data Source" name="categorySpendingDataSrc" viewHint="user,text-input,designModeOnly">
                <value type="string">$(servicesPath)/services/rest/v1/current-accounts/spendings</value>
            </property>
            <property label="Icon" name="icon" viewHint="text-input,user,designModeOnly">
                <value type="string">category-spendings-chart</value>
            </property>
            <property label="Locale" name="locale" viewHint="user,text-input,designModeOnly">
                <value type="string">en-US</value>
            </property>
            <property name="order">
                <value type="double">0.0</value>
            </property>
            <property name="src">
                <value type="string">$(contextRoot)/static/widgets/[BBHOST]/widget-category-spendings-chart/index.html</value>
            </property>
            <property name="thumbnailUrl">
                <value type="string">$(contextRoot)/static/widgets/[BBHOST]/widget-category-spendings-chart/icon.png</value>
            </property>
            <property label="Title" name="title" viewHint="user,text-input,designModeOnly">
                <value type="string">Category Spendings Chart</value>
            </property>
            <property label="Version" name="version" viewHint="designModeOnly">
                <value type="string">2.1.6</value>
            </property>
            <property label="Widget Chrome" name="widgetChrome" viewHint="select-one,admin,designModeOnly">
                <value type="string">$(contextRoot)/static/features/[BBHOST]/chromes/blank/chrome-blank.html</value>
            </property>
        </properties>
        <tags>
            <tag blacklist="false" type="section">banking</tag>
            <tag blacklist="false" type="regular">pfm</tag>
            <tag blacklist="false" type="regular">retail-banking</tag>
        </tags>
        <uuid>5b408356-e25c-4677-b751-30e0bbb20d48</uuid>
    </widget>
    <widget>
        <contextItemName>[BBHOST]</contextItemName>
        <name>widget-ebill-add</name>
        <properties>
            <property name="Description">
                <value type="String"/>
            </property>
            <property name="TemplateName">
                <value type="string">Standard_Widget</value>
            </property>
            <property name="area">
                <value type="string"/>
            </property>
            <property label="Payee and E-Bills Data Source" name="billPaymentsDataSrc" viewHint="admin,text-input,designModeOnly">
                <value type="string">$(servicesPath)/services/rest/v1/bill-payments</value>
            </property>
            <property label="Business calendar Data Source" name="calendarDataSrc" viewHint="admin,text-input,designModeOnly">
                <value type="string">$(servicesPath)/services/rest/v1/calendars</value>
            </property>
            <property label="Icon" name="icon" viewHint="text-input,user,designModeOnly">
                <value type="string">e-bill</value>
            </property>
            <property label="Instant payment orders Data Source" name="instantPaymentOrdersDataSrc" viewHint="admin,text-input,designModeOnly">
                <value type="string">$(servicesPath)/services/rest/v1/instant-payment-orders</value>
            </property>
            <property label="Locale" name="locale">
                <value type="string">en</value>
            </property>
            <property name="order">
                <value type="double">0.0</value>
            </property>
            <property name="src">
                <value type="string">$(contextRoot)/static/widgets/[BBHOST]/widget-ebill-add/index.html</value>
            </property>
            <property name="thumbnailUrl">
                <value type="string">$(contextRoot)/static/widgets/[BBHOST]/widget-ebill-add/icon.png</value>
            </property>
            <property label="Title" name="title" viewHint="user,text-input,designModeOnly">
                <value type="string">EBill - Add</value>
            </property>
            <property label="Version" name="version" viewHint="designModeOnly">
                <value type="string">3.0.11</value>
            </property>
            <property label="Widget Chrome" name="widgetChrome" viewHint="select-one,admin,designModeOnly">
                <value type="string">$(contextRoot)/static/features/[BBHOST]/chromes/blank/chrome-blank.html</value>
            </property>
        </properties>
        <tags>
            <tag blacklist="false" type="section">banking</tag>
            <tag blacklist="false" type="behavior">e-bill</tag>
            <tag blacklist="false" type="regular">ebilling</tag>
            <tag blacklist="false" type="regular">retail-banking</tag>
        </tags>
        <uuid>e0c6aba1-a6e7-4c79-ba0e-4252da0764e7</uuid>
    </widget>
    <widget>
        <contextItemName>[BBHOST]</contextItemName>
        <name>widget-ebill-history</name>
        <properties>
            <property name="Description">
                <value type="String"/>
            </property>
            <property name="TemplateName">
                <value type="string">Standard_Widget</value>
            </property>
            <property name="area">
                <value type="string"/>
            </property>
            <property label="Debit-Orders Data Source" name="debitOrdersSrc" viewHint="user,text-input,designModeOnly">
                <value type="string">$(servicesPath)/services/rest/v1/debit-orders</value>
            </property>
            <property label="Icon" name="icon" viewHint="text-input,user,designModeOnly">
                <value type="string">e-bill</value>
            </property>
            <property name="locale">
                <value type="string">en</value>
            </property>
            <property label="Mandates Data Source" name="mandatesSrc" viewHint="user,text-input,designModeOnly">
                <value type="string">$(servicesPath)/services/rest/v1/mandates</value>
            </property>
            <property name="order">
                <value type="double">0.0</value>
            </property>
            <property name="src">
                <value type="string">$(contextRoot)/static/widgets/[BBHOST]/widget-ebill-history/index.html</value>
            </property>
            <property name="thumbnailUrl">
                <value type="string">$(contextRoot)/static/widgets/[BBHOST]/widget-ebill-history/icon.png</value>
            </property>
            <property label="Title" name="title" viewHint="user,text-input,designModeOnly">
                <value type="string">EBill - History</value>
            </property>
            <property label="Version" name="version" viewHint="designModeOnly">
                <value type="string">2.1.7</value>
            </property>
            <property label="Widget Chrome" name="widgetChrome" viewHint="select-one,admin,designModeOnly">
                <value type="string">$(contextRoot)/static/features/[BBHOST]/chromes/blank/chrome-blank.html</value>
            </property>
        </properties>
        <tags>
            <tag blacklist="false" type="section">banking</tag>
            <tag blacklist="false" type="regular">ebilling</tag>
            <tag blacklist="false" type="regular">retail banking</tag>
            <tag blacklist="false" type="regular">retail-banking</tag>
        </tags>
        <uuid>b0dd7654-249a-4851-ae2c-28bea1b4e534</uuid>
    </widget>
    <widget>
        <contextItemName>[BBHOST]</contextItemName>
        <name>widget-ebill-inbox</name>
        <properties>
            <property name="Description">
                <value type="String"/>
            </property>
            <property name="TemplateName">
                <value type="string">Standard_Widget</value>
            </property>
            <property label="Accounts Data Source" name="accountsDataSrc" viewHint="admin,text-input,designModeOnly">
                <value type="string">$(servicesPath)/services/rest/v1/accounts</value>
            </property>
            <property name="area">
                <value type="string"/>
            </property>
            <property label="Debit-Orders Data Source" name="debitOrdersSrc" viewHint="admin,text-input,designModeOnly">
                <value type="string">$(servicesPath)/services/rest/v1/debit-orders</value>
            </property>
            <property label="Icon" name="icon" viewHint="text-input,user,designModeOnly">
                <value type="string">e-bill</value>
            </property>
            <property name="locale">
                <value type="string">en</value>
            </property>
            <property label="Mandates Data Source" name="mandatesSrc" viewHint="admin,text-input,designModeOnly">
                <value type="string">$(servicesPath)/services/rest/v1/mandates</value>
            </property>
            <property name="order">
                <value type="double">0.0</value>
            </property>
            <property name="src">
                <value type="string">$(contextRoot)/static/widgets/[BBHOST]/widget-ebill-inbox/index.html</value>
            </property>
            <property name="thumbnailUrl">
                <value type="string">$(contextRoot)/static/widgets/[BBHOST]/widget-ebill-inbox/icon.png</value>
            </property>
            <property label="Title" name="title" viewHint="user,text-input,designModeOnly">
                <value type="string">EBill - Inbox</value>
            </property>
            <property label="Version" name="version" viewHint="designModeOnly">
                <value type="string">2.2.3</value>
            </property>
            <property label="Widget Chrome" name="widgetChrome" viewHint="select-one,admin,designModeOnly">
                <value type="string">$(contextRoot)/static/features/[BBHOST]/chromes/blank/chrome-blank.html</value>
            </property>
        </properties>
        <tags>
            <tag blacklist="false" type="section">banking</tag>
            <tag blacklist="false" type="behavior">e-bill</tag>
            <tag blacklist="false" type="regular">ebilling</tag>
            <tag blacklist="false" type="regular">retail banking</tag>
            <tag blacklist="false" type="regular">retail-banking</tag>
        </tags>
        <uuid>500bbf7b-f21a-411a-b6f1-0f22d9b0440f</uuid>
    </widget>
    <widget>
        <contextItemName>[BBHOST]</contextItemName>
        <name>widget-external-accounts</name>
        <properties>
            <property name="Description">
                <value type="String"/>
            </property>
            <property name="TemplateName">
                <value type="string">Standard_Widget</value>
            </property>
            <property label="Amount of Financial Institutes to Load" name="amountToLoad" viewHint="text-input,admin,designModeOnly">
                <value type="string">5</value>
            </property>
            <property name="area">
                <value type="string"/>
            </property>
            <property label="Data endpoint for list of financial institutions" name="financialInstitutionsSrc" viewHint="text-input,admin,designModeOnly">
                <value type="string">$(servicesPath)/services/rest/v1/financial-institutions/:search/:id/:credentials</value>
            </property>
            <property label="Icon" name="icon" viewHint="text-input,admin,designModeOnly">
                <value type="string">plus</value>
            </property>
            <property label="Locale" name="locale">
                <value type="string">en</value>
            </property>
            <property label="Data endpoint for FI membership Requests" name="membershipRequestsSrc" viewHint="text-input,admin,designModeOnly">
                <value type="string">$(servicesPath)/services/rest/v1/membership_requests/:id/:credentials</value>
            </property>
            <property label="The portal root to display the nav links from" name="navRoot" viewHint="text-input,admin,designModeOnly">
                <value type="linkRef">b7c02e3d-fb3e-4c38-be6f-190fcd01937c</value>
            </property>
            <property name="order">
                <value type="double">0.0</value>
            </property>
            <property name="src">
                <value type="string">$(contextRoot)/static/widgets/[BBHOST]/widget-external-accounts/index.html</value>
            </property>
            <property name="thumbnailUrl">
                <value type="string">$(contextRoot)/static/widgets/[BBHOST]/widget-external-accounts/icon.png</value>
            </property>
            <property label="Title" name="title" viewHint="text-input,admin,designModeOnly">
                <value type="string">External Accounts</value>
            </property>
            <property label="Version" name="version" viewHint="designModeOnly">
                <value type="string">2.1.11</value>
            </property>
            <property label="Widget Chrome" name="widgetChrome" viewHint="select-one,admin,designModeOnly">
                <value type="string">$(contextRoot)/static/features/[BBHOST]/chromes/blank/chrome-blank.html</value>
            </property>
        </properties>
        <tags>
            <tag blacklist="false" type="regular">accounts</tag>
            <tag blacklist="false" type="section">banking</tag>
            <tag blacklist="false" type="behavior">external-accounts</tag>
            <tag blacklist="false" type="regular">retail-banking</tag>
        </tags>
        <uuid>4ace5be3-0e04-4280-8ec1-11b0c695ce9a</uuid>
    </widget>
    <widget>
        <contextItemName>[BBHOST]</contextItemName>
        <name>widget-login-multifactor</name>
        <properties>
            <property name="Description">
                <value type="String"/>
            </property>
            <property name="TemplateName">
                <value type="string">Standard_Widget</value>
            </property>
            <property name="area">
                <value type="string"/>
            </property>
            <property label="Icon" name="icon" viewHint="text-input,admin,designModeOnly">
                <value type="string">login</value>
            </property>
            <property label="Initiate Session URL" name="initiateEndPoint" viewHint="text-input,admin,designModeOnly">
                <value type="string">/v1/authentication/session/initiate</value>
            </property>
            <property name="locale">
                <value type="string">en</value>
            </property>
            <property name="order">
                <value type="double">0.0</value>
            </property>
            <property label="OTP URL" name="otpEndPoint" viewHint="text-input,admin,designModeOnly">
                <value type="string">/v1/authentication/session/{id}/verifyOTP</value>
            </property>
            <property label="Prefix path for Session URL" name="prefixSessionUrl" viewHint="text-input,admin,designModeOnly">
                <value type="string">$(servicesPath)/services/rest</value>
            </property>
            <property label="Reload page on success" name="reloadOnSuccess" viewHint="checkbox,admin,designModeOnly">
                <value type="boolean">false</value>
            </property>
            <property name="src">
                <value type="string">$(contextRoot)/static/widgets/[BBHOST]/widget-login-multifactor/index.html</value>
            </property>
            <property name="thumbnailUrl">
                <value type="string">$(contextRoot)/static/widgets/[BBHOST]/widget-login-multifactor/icon.png</value>
            </property>
            <property label="Title" name="title" viewHint="text-input,admin,designModeOnly">
                <value type="string">Login - Multifactor New</value>
            </property>
            <property label="Version" name="version" viewHint="designModeOnly">
                <value type="string">2.1.11</value>
            </property>
            <property label="Widget Chrome" name="widgetChrome" viewHint="select-one,admin,designModeOnly">
                <value type="string">$(contextRoot)/static/features/[BBHOST]/chromes/blank/chrome-blank.html</value>
            </property>
        </properties>
        <tags>
            <tag blacklist="false" type="regular">authentication</tag>
            <tag blacklist="false" type="section">banking</tag>
            <tag blacklist="false" type="regular">retail-banking</tag>
        </tags>
        <uuid>e39602d7-33ee-4cb7-a05f-ac09936f781b</uuid>
    </widget>
    <widget>
        <contextItemName>[BBHOST]</contextItemName>
        <name>widget-navbar-advanced</name>
        <properties>
            <property name="Description">
                <value type="String"/>
            </property>
            <property name="TemplateName">
                <value type="string">Standard_Widget</value>
            </property>
            <property name="area">
                <value type="string"/>
            </property>
            <property label="Container Type" name="containerType" viewHint="select-one,designModeOnly,manager">
                <value type="string">fluid</value>
            </property>
            <property label="Icon Class" name="icon">
                <value type="string"/>
            </property>
            <property label="Icon for Launcher Menu" name="launcherIcon" viewHint="select-one,manager,designModeOnly">
                <value type="string">arrow-left</value>
            </property>
            <property label="Locale" name="locale">
                <value type="string">en</value>
            </property>
            <property label="Logo Url" name="logoURL" viewHint="text-input,manager,designModeOnly">
                <value type="string">$(contextRoot)/static/widgets/[BBHOST]/widget-navbar-advanced/media/backbase-web-logo.png</value>
            </property>
            <property label="Mobile Logo Url" name="mobileLogoURL" viewHint="text-input,manager,designModeOnly">
                <value type="string">$(contextRoot)/static/widgets/[BBHOST]/widget-navbar-advanced/media/backbase-mobile-logo.png</value>
            </property>
            <property label="Navigation Depth" name="navDepth" viewHint="select-one,manager,designModeOnly">
                <value type="string">1</value>
            </property>
            <property label="Navigation root to display the nav links from" name="navRoot" viewHint="text-input,manager,designModeOnly">
                <value type="linkRef"/>
            </property>
            <property label="Show or hide the NavBar" name="navShow" viewHint="checkbox,designModeOnly,manager">
                <value type="boolean">false</value>
            </property>
            <property label="Set the Navbar sticky" name="navSticky" viewHint="checkbox,designModeOnly,manager">
                <value type="boolean">false</value>
            </property>
            <property label="Template" name="navTemplate" viewHint="text-input,designModeOnly,manager">
                <value type="string">$(contextRoot)/static/widgets/[BBHOST]/widget-navbar-advanced/templates/mustache_top_level.html</value>
            </property>
            <property label="Navigation menu icon animation hook" name="navigationIconAnimationHook" viewHint="text-input,manager,designModeOnly">
                <value type="string">arrow</value>
            </property>
            <property name="order">
                <value type="double">0.0</value>
            </property>
            <property label="Preferences Service" name="preferenceService" viewHint="admin,designModeOnly">
                <value type="string">$(servicesPath)/services/rest/v1/party-data-management/party</value>
            </property>
            <property label="Profile Image Background Color" name="profileImgBg" viewHint="admin,designModeOnly">
                <value type="string">#CCC</value>
            </property>
            <property label="Profile title" name="profileTitle" viewHint="admin,designModeOnly">
                <value type="string">MY BANKING</value>
            </property>
            <property label="Profile Title Link" name="profileTitleLink" viewHint="admin,designModeOnly">
                <value type="string"/>
            </property>
            <property label="Page Scroll settings" name="scrollSetting" viewHint="select-one,manager,designModeOnly">
                <value type="string">Normal</value>
            </property>
            <property label="Show Notifications badges inside the Launcher Toggle" name="showNotificationsBadge" viewHint="checkbox,manager,designModeOnly">
                <value type="boolean">false</value>
            </property>
            <property label="Show Page Title" name="showPageTitle" viewHint="checkbox,designModeOnly,manager">
                <value type="boolean">false</value>
            </property>
            <property label="Show navigation root" name="showParent" viewHint="checkbox,manager,designModeOnly">
                <value type="boolean">false</value>
            </property>
            <property label="Show profile info" name="showProfileInfo" viewHint="checkbox,manager,designModeOnly">
                <value type="boolean">false</value>
            </property>
            <property label="Sign-in Link" name="signinLink" viewHint="text-input,admin,designModeOnly">
                <value type="string"/>
            </property>
            <property name="src">
                <value type="string">$(contextRoot)/static/widgets/[BBHOST]/widget-navbar-advanced/index.html</value>
            </property>
            <property name="thumbnailUrl">
                <value type="string">$(contextRoot)/static/widgets/[BBHOST]/widget-navbar-advanced/icon.png</value>
            </property>
            <property label="Title" name="title">
                <value type="string">Navigation - Advanced</value>
            </property>
            <property label="Version" name="version" viewHint="text-input,admin,designModeOnly">
                <value type="string">3.3.0</value>
            </property>
            <property label="Widget Chrome" name="widgetChrome" viewHint="select-one,admin,designModeOnly">
                <value type="string">$(contextRoot)/static/features/[BBHOST]/chromes/blank/chrome-blank.html</value>
            </property>
        </properties>
        <tags>
            <tag blacklist="true" type="section">banking</tag>
            <tag blacklist="false" type="section">navigation</tag>
            <tag blacklist="false" type="regular">retail-banking</tag>
            <tag blacklist="false" type="regular">universal</tag>
        </tags>
        <uuid>3aeaf491-c25e-4682-b29d-d1bd2dafa45e</uuid>
    </widget>
    <widget>
        <contextItemName>[BBHOST]</contextItemName>
        <name>widget-navfooter</name>
        <properties>
            <property name="Description">
                <value type="String"/>
            </property>
            <property name="TemplateName">
                <value type="string">Standard_Widget</value>
            </property>
            <property name="area">
                <value type="string"/>
            </property>
            <property label="Icon Class" name="icon">
                <value type="string"/>
            </property>
            <property label="Locale" name="locale">
                <value type="string">en</value>
            </property>
            <property label="Menu Depth" name="navDepth" viewHint="select-one,manager,designModeOnly">
                <value type="long">2</value>
            </property>
            <property label="Navigation root link" name="navRoot" viewHint="text-input,manager,designModeOnly">
                <value type="linkRef"/>
            </property>
            <property label="Template" name="navTemplate" viewHint="text-input,manager,designModeOnly">
                <value type="string">$(contextRoot)/static/widgets/[BBHOST]/widget-navfooter/templates/mustache_top_level.html</value>
            </property>
            <property name="order">
                <value type="double">0.0</value>
            </property>
            <property label="Show navigation root" name="showParent" viewHint="checkbox,manager,designModeOnly">
                <value type="boolean">false</value>
            </property>
            <property name="src">
                <value type="string">$(contextRoot)/static/widgets/[BBHOST]/widget-navfooter/index.html</value>
            </property>
            <property name="thumbnailUrl">
                <value type="string">$(contextRoot)/static/widgets/[BBHOST]/widget-navfooter/icon.png</value>
            </property>
            <property label="Title" name="title">
                <value type="string">Navigation - Footer</value>
            </property>
            <property label="Version" name="version" viewHint="text-input,admin,designModeOnly">
                <value type="string">3.0.9</value>
            </property>
            <property label="Widget Chrome" name="widgetChrome" viewHint="select-one,admin,designModeOnly">
                <value type="string">$(contextRoot)/static/features/[BBHOST]/chromes/blank/chrome-blank.html</value>
            </property>
        </properties>
        <tags>
            <tag blacklist="false" type="section">navigation</tag>
            <tag blacklist="true" type="regular">retail-banking</tag>
            <tag blacklist="false" type="regular">universal</tag>
        </tags>
        <uuid>a322ae26-992b-4327-bfb6-2973beb5f553</uuid>
    </widget>
    <widget>
        <contextItemName>[BBHOST]</contextItemName>
        <name>widget-new-transfer</name>
        <properties>
            <property name="Description">
                <value type="String"/>
            </property>
            <property name="TemplateName">
                <value type="string">Standard_Widget</value>
            </property>
            <property label="Accounts Data Source" name="accountsDataSrc" viewHint="text-input,admin,designModeOnly">
                <value type="string">$(servicesPath)/services/rest/v1/accounts</value>
            </property>
            <property label="Top balance" name="accountsTopBalance" viewHint="select-one,admin,designModeOnly">
                <value type="string">current</value>
            </property>
            <property name="area">
                <value type="string"/>
            </property>
            <property label="Autosave Contacts" name="autosaveContactsPreference" viewHint="checkbox,admin,designModeOnly">
                <value type="boolean">false</value>
            </property>
            <property label="Contact Data Source" name="contactDataSrc" viewHint="text-input,admin,designModeOnly">
                <value type="string">$(servicesPath)/services/rest/v1/party-data-management/counter-party/$(contactId)</value>
            </property>
            <property label="Contact Details Data Source" name="contactDetailsDataSrc" viewHint="text-input,admin,designModeOnly">
                <value type="string">$(servicesPath)/services/rest/v1/party-data-management/counter-party/$(contactId)/details</value>
            </property>
            <property label="Contact List Data Source" name="contactListDataSrc" viewHint="text-input,admin,designModeOnly">
                <value type="string">$(servicesPath)/services/rest/v1/counterparties</value>
            </property>
            <property label="Currency exchange rate data source" name="currencyListEndpoint" viewHint="text-input,admin,designModeOnly">
                <value type="string">$(servicesPath)/services/rest/v1/currency-rates</value>
            </property>
            <property label="Default currency data source" name="defaultCurrencyEndpoint" viewHint="text-input,admin,designModeOnly">
                <value type="string">$(servicesPath)/services/rest/v1/currency-rates/default</value>
            </property>
            <property label="Disable currency select" name="disableCurrencySelection" viewHint="checkbox,admin,designModeOnly">
                <value type="boolean">false</value>
            </property>
            <property label="Enable Search on IBAN country select" name="enableIbanCountrySearch" viewHint="checkbox,admin,designModeOnly">
                <value type="boolean">false</value>
            </property>
            <property label="Force initial account selection" name="forceAccountSelection" viewHint="checkbox,admin,designModeOnly">
                <value type="boolean">false</value>
            </property>
            <property label="Hide footer" name="hideFooter" viewHint="checkbox,admin,designModeOnly">
                <value type="boolean">false</value>
            </property>
            <property label="IBAN data source" name="ibanDataSrc" viewHint="text-input,admin,designModeOnly">
                <value type="string">$(servicesPath)/services/rest/v1/iban</value>
            </property>
            <property label="Icon" name="icon" viewHint="text-input,admin,designModeOnly">
                <value type="string">new-transfer</value>
            </property>
            <property label="Locale" name="locale" viewHint="text-input,admin,designModeOnly">
                <value type="string">en</value>
            </property>
            <property name="order">
                <value type="double">0.0</value>
            </property>
            <property label="Enrollment Status Endpoint for P2P Service" name="p2pEnrollmentEndpoint" viewHint="text-input,admin,designModeOnly">
                <value type="string">$(servicesPath)/services/rest/v1/p2p-enrollment</value>
            </property>
            <property label="Payment Orders Data Source" name="paymentOrdersDataSrc" viewHint="text-input,admin,designModeOnly">
                <value type="string">$(servicesPath)/services/rest/v1/payment-orders/:accountIds/:paymentId/:action</value>
            </property>
            <property label="Preferences Service" name="preferenceService" viewHint="text-input,admin,designModeOnly">
                <value type="string">$(servicesPath)/services/rest/v1/party-data-management/preferences</value>
            </property>
            <property name="src">
                <value type="string">$(contextRoot)/static/widgets/[BBHOST]/widget-new-transfer/index.html</value>
            </property>
            <property label="Content Template" name="templateUrl" viewHint="text-input,admin,designModeOnly">
                <value type="string">$(contextRoot)/static/widgets/[BBHOST]/widget-new-transfer/templates/iceContent.html</value>
            </property>
            <property name="thumbnailUrl">
                <value type="string">$(contextRoot)/static/widgets/[BBHOST]/widget-new-transfer/icon.png</value>
            </property>
            <property label="Title" name="title" viewHint="text-input,admin,designModeOnly">
                <value type="string">New Transfer</value>
            </property>
            <property label="Version" name="version" viewHint="designModeOnly">
                <value type="string">3.2.9</value>
            </property>
            <property label="Widget Chrome" name="widgetChrome" viewHint="select-one,admin,designModeOnly">
                <value type="string">$(contextRoot)/static/features/[BBHOST]/chromes/blank/chrome-blank.html</value>
            </property>
        </properties>
        <tags>
            <tag blacklist="false" type="section">banking</tag>
            <tag blacklist="false" type="behavior">new-transfer</tag>
            <tag blacklist="false" type="regular">retail-banking</tag>
            <tag blacklist="false" type="regular">transactions</tag>
        </tags>
        <uuid>641243e7-51a8-4cc3-bf28-b2074b79e7ca</uuid>
    </widget>
    <widget>
        <contextItemName>[BBHOST]</contextItemName>
        <name>widget-p2p-preferences</name>
        <properties>
            <property name="Description">
                <value type="String"/>
            </property>
            <property name="TemplateName">
                <value type="string">Standard_Widget</value>
            </property>
            <property label="Accounts Data Source" name="accountsDataSrc" viewHint="text-input,admin,designModeOnly">
                <value type="string">$(servicesPath)/services/rest/v1/accounts</value>
            </property>
            <property label="Allow multiple emails" name="allowMultipleEmails" viewHint="checkbox,admin,designModeOnly">
                <value type="boolean">false</value>
            </property>
            <property name="area">
                <value type="string"/>
            </property>
            <property label="Email Limit" name="emailLimit" viewHint="text-input,admin,designModeOnly">
                <value type="string">7</value>
            </property>
            <property label="Icon" name="icon" viewHint="text-input,admin,designModeOnly">
                <value type="string">p2p</value>
            </property>
            <property label="Locale" name="locale">
                <value type="string">en</value>
            </property>
            <property name="order">
                <value type="double">0.0</value>
            </property>
            <property label="Enrollment Status Endpoint for P2P Service" name="p2pEnrollmentEndpoint" viewHint="text-input,admin,designModeOnly">
                <value type="string">$(servicesPath)/services/rest/v1/p2p-enrollment</value>
            </property>
            <property name="src">
                <value type="string">$(contextRoot)/static/widgets/[BBHOST]/widget-p2p-preferences/index.html</value>
            </property>
            <property name="thumbnailUrl">
                <value type="string">$(contextRoot)/static/widgets/[BBHOST]/widget-p2p-preferences/icon.png</value>
            </property>
            <property label="Title" name="title" viewHint="text-input,admin,designModeOnly">
                <value type="string">Send to Friend - Preferences</value>
            </property>
            <property label="Version" name="version" viewHint="designModeOnly">
                <value type="string">2.1.9</value>
            </property>
            <property label="Widget Chrome" name="widgetChrome" viewHint="select-one,admin,designModeOnly">
                <value type="string">$(contextRoot)/static/features/[BBHOST]/chromes/blank/chrome-blank.html</value>
            </property>
        </properties>
        <tags>
            <tag blacklist="false" type="section">banking</tag>
            <tag blacklist="false" type="regular">p2p</tag>
            <tag blacklist="false" type="behavior">p2p-preferences</tag>
            <tag blacklist="false" type="regular">retail-banking</tag>
        </tags>
        <uuid>856d4585-9ca1-44c4-bb5f-254967215562</uuid>
    </widget>
    <widget>
        <contextItemName>[BBHOST]</contextItemName>
        <name>widget-p2p-transactions</name>
        <properties>
            <property name="Description">
                <value type="String"/>
            </property>
            <property name="TemplateName">
                <value type="string">Standard_Widget</value>
            </property>
            <property name="area">
                <value type="string"/>
            </property>
            <property label="Hide Footer" name="hideFooter" viewHint="checkbox,admin,designModeOnly">
                <value type="boolean">false</value>
            </property>
            <property label="Icon" name="icon" viewHint="text-input,admin,designModeOnly">
                <value type="string">p2p</value>
            </property>
            <property label="Locale" name="locale">
                <value type="string">en</value>
            </property>
            <property name="order">
                <value type="double">0.0</value>
            </property>
            <property label="Enrollment Status Endpoint for P2P Service" name="p2pEnrollmentEndpoint" viewHint="text-input,admin,designModeOnly">
                <value type="string">$(servicesPath)/services/rest/v1/p2p-enrollment</value>
            </property>
            <property name="src">
                <value type="string">$(contextRoot)/static/widgets/[BBHOST]/widget-p2p-transactions/index.html</value>
            </property>
            <property name="thumbnailUrl">
                <value type="string">$(contextRoot)/static/widgets/[BBHOST]/widget-p2p-transactions/icon.png</value>
            </property>
            <property label="Title" name="title" viewHint="text-input,admin,designModeOnly">
                <value type="string">Send to Friend - Transactions</value>
            </property>
            <property label="Transactions Data Source" name="transactionsDataSrc" viewHint="text-input,admin,designModeOnly">
                <value type="string">$(servicesPath)/services/rest/v1/p2p-payments</value>
            </property>
            <property label="Version" name="version" viewHint="text-input,admin,designModeOnly">
                <value type="string">3.0.11</value>
            </property>
            <property label="Widget Chrome" name="widgetChrome" viewHint="select-one,admin,designModeOnly">
                <value type="string">$(contextRoot)/static/features/[BBHOST]/chromes/blank/chrome-blank.html</value>
            </property>
        </properties>
        <tags>
            <tag blacklist="false" type="section">banking</tag>
            <tag blacklist="false" type="regular">p2p</tag>
            <tag blacklist="false" type="behavior">p2p-transactions</tag>
            <tag blacklist="false" type="regular">retail-banking</tag>
        </tags>
        <uuid>288a56e2-b48f-4e8a-b4a7-292ad5d6d09d</uuid>
    </widget>
    <widget>
        <contextItemName>[BBHOST]</contextItemName>
        <name>widget-places</name>
        <properties>
            <property name="Description">
                <value type="String"/>
            </property>
            <property name="TemplateName">
                <value type="string">Standard_Widget</value>
            </property>
            <property name="area">
                <value type="string"/>
            </property>
            <property label="Initialize on user's position" name="currentPosition" viewHint="checkbox,admin,designModeOnly">
                <value type="boolean">false</value>
            </property>
            <property label="Api Url for directions" name="directionApiUrl" viewHint="text-input,admin,designModeOnly">
                <value type="string">https://maps.google.com/maps</value>
            </property>
            <property label="Resize Content Tabs to fill the height of the viewport" name="fillViewportHeight" viewHint="checkbox,admin,designModeOnly">
                <value type="boolean">false</value>
            </property>
            <property label="Filter drop-down Data Source" name="filterDataSrc" viewHint="text-input,admin,designModeOnly">
                <value type="string">$(servicesPath)/services/rest/v1/places/options</value>
            </property>
            <property label="Latitude" name="geolocationTimeout" viewHint="text-input,admin,designModeOnly">
                <value type="double">5000.0</value>
            </property>
            <property label="Icon" name="icon" viewHint="text-input,admin,designModeOnly">
                <value type="string">places</value>
            </property>
            <property label="Latitude" name="latitude" viewHint="text-input,admin,designModeOnly">
                <value type="double">40.722823</value>
            </property>
            <property name="locale">
                <value type="string">en</value>
            </property>
            <property label="Longitude" name="longitude" viewHint="text-input,admin,designModeOnly">
                <value type="double">-74.003692</value>
            </property>
            <property name="order">
                <value type="double">0.0</value>
            </property>
            <property label="Places Data Source" name="placesDataSrc" viewHint="text-input,admin,designModeOnly">
                <value type="string">$(servicesPath)/services/rest/v1/places</value>
            </property>
            <property label="Radius in KM used from the current location used to filter out places" name="placesFilterRadius" viewHint="text-input,admin,designModeOnly">
                <value type="double">50.0</value>
            </property>
            <property label="Amount of Places returned for each page" name="placesPageSize" viewHint="text-input,admin,designModeOnly">
                <value type="double">20.0</value>
            </property>
            <property label="Show POI on map" name="showPOI" viewHint="checkbox,admin,designModeOnly">
                <value type="boolean">false</value>
            </property>
            <property name="src">
                <value type="string">$(contextRoot)/static/widgets/[BBHOST]/widget-places/index.html</value>
            </property>
            <property label="Api Url for static map" name="staticMapApiUrl" viewHint="text-input,admin,designModeOnly">
                <value type="string">http://maps.googleapis.com/maps/api/staticmap</value>
            </property>
            <property label="Size of map thumbnail" name="staticMapThumbSize" viewHint="text-input,admin,designModeOnly">
                <value type="string">300x100</value>
            </property>
            <property label="Default zoom value for static map" name="staticMapZoom" viewHint="text-input,admin,designModeOnly">
                <value type="double">16.0</value>
            </property>
            <property name="thumbnailUrl">
                <value type="string">$(contextRoot)/static/widgets/[BBHOST]/widget-places/icon.png</value>
            </property>
            <property label="Title" name="title" viewHint="admin,designModeOnly">
                <value type="string">Places</value>
            </property>
            <property label="Version" name="version" viewHint="designModeOnly">
                <value type="string">2.4.8</value>
            </property>
            <property label="Widget Chrome" name="widgetChrome" viewHint="select-one,admin,designModeOnly">
                <value type="string">$(contextRoot)/static/features/[BBHOST]/chromes/blank/chrome-blank.html</value>
            </property>
            <property label="Zoom" name="zoom" viewHint="text-input,admin,designModeOnly">
                <value type="double">9.0</value>
            </property>
        </properties>
        <tags>
            <tag blacklist="false" type="section">banking</tag>
            <tag blacklist="false" type="regular">location</tag>
            <tag blacklist="false" type="behavior">places</tag>
            <tag blacklist="false" type="regular">retail-banking</tag>
        </tags>
        <uuid>6b7e28c3-e06c-45b6-8521-9d2a9087d47c</uuid>
    </widget>
    <widget>
        <contextItemName>[BBHOST]</contextItemName>
        <name>widget-profile-contact</name>
        <properties>
            <property name="Description">
                <value type="String"/>
            </property>
            <property name="TemplateName">
                <value type="string">Standard_Widget</value>
            </property>
            <property name="area">
                <value type="string"/>
            </property>
            <property label="Icon Class" name="icon">
                <value type="string"/>
            </property>
            <property label="Locale" name="locale">
                <value type="string">en</value>
            </property>
            <property name="order">
                <value type="double">0.0</value>
            </property>
            <property label="Places Data Source" name="saveUrl" viewHint="text-input,admin,designModeOnly">
                <value type="string">$(servicesPath)/services/rest/v1/party-data-management/locations</value>
            </property>
            <property name="src">
                <value type="string">$(contextRoot)/static/widgets/[BBHOST]/widget-profile-contact/index.html</value>
            </property>
            <property name="thumbnailUrl">
                <value type="string">$(contextRoot)/static/widgets/[BBHOST]/widget-profile-contact/icon.png</value>
            </property>
            <property label="Title" name="title" viewHint="text-input,admin,designModeOnly">
                <value type="string">Profile - Contact</value>
            </property>
            <property label="Version" name="version" viewHint="designModeOnly">
                <value type="string">2.1.11</value>
            </property>
            <property label="Widget Chrome" name="widgetChrome" viewHint="select-one,admin,designModeOnly">
                <value type="string">$(contextRoot)/static/features/[BBHOST]/chromes/blank/chrome-blank.html</value>
            </property>
        </properties>
        <tags>
            <tag blacklist="false" type="section">banking</tag>
            <tag blacklist="false" type="regular">profile</tag>
            <tag blacklist="false" type="regular">retail-banking</tag>
        </tags>
        <uuid>aee37978-decc-49c5-a56c-d11a94868d3b</uuid>
    </widget>
    <widget>
        <contextItemName>[BBHOST]</contextItemName>
        <name>widget-profile-details</name>
        <properties>
            <property name="Description">
                <value type="String"/>
            </property>
            <property name="TemplateName">
                <value type="string">Standard_Widget</value>
            </property>
            <property name="area">
                <value type="string"/>
            </property>
            <property label="Details Endpoint" name="detailsEndpoint" viewHint="admin,designModeOnly">
                <value type="string">$(servicesPath)/services/rest/v1/party-data-management/party</value>
            </property>
            <property label="Icon Class" name="icon">
                <value type="string"/>
            </property>
            <property label="Locale" name="locale">
                <value type="string">en</value>
            </property>
            <property name="order">
                <value type="double">0.0</value>
            </property>
            <property name="src">
                <value type="string">$(contextRoot)/static/widgets/[BBHOST]/widget-profile-details/index.html</value>
            </property>
            <property name="thumbnailUrl">
                <value type="string">$(contextRoot)/static/widgets/[BBHOST]/widget-profile-details/icon.png</value>
            </property>
            <property label="Title" name="title" viewHint="admin,designModeOnly">
                <value type="string">Profile - Details</value>
            </property>
            <property label="Version" name="version" viewHint="designModeOnly">
                <value type="string">2.1.9</value>
            </property>
            <property label="Widget Chrome" name="widgetChrome" viewHint="select-one,admin,designModeOnly">
                <value type="string">$(contextRoot)/static/features/[BBHOST]/chromes/blank/chrome-blank.html</value>
            </property>
        </properties>
        <tags>
            <tag blacklist="false" type="section">banking</tag>
            <tag blacklist="false" type="behavior">profile</tag>
            <tag blacklist="false" type="regular">profile</tag>
            <tag blacklist="false" type="regular">retail-banking</tag>
        </tags>
        <uuid>1f721acd-98d9-4372-b5c8-7c79efb2ba0d</uuid>
    </widget>
    <widget>
        <contextItemName>[BBHOST]</contextItemName>
        <name>widget-profile-portfolio</name>
        <properties>
            <property name="Description">
                <value type="String"/>
            </property>
            <property name="TemplateName">
                <value type="string">Standard_Widget</value>
            </property>
            <property name="area">
                <value type="string"/>
            </property>
            <property name="data-source" viewHint="text-input,admin,designModeOnly">
                <value type="string">$(servicesPath)/services/rest/v1/customer-product-coverage/arrangements</value>
            </property>
            <property label="Icon Class" name="icon">
                <value type="string"/>
            </property>
            <property label="Locale" name="locale">
                <value type="string">en</value>
            </property>
            <property name="order">
                <value type="double">0.0</value>
            </property>
            <property name="src">
                <value type="string">$(contextRoot)/static/widgets/[BBHOST]/widget-profile-portfolio/index.html</value>
            </property>
            <property name="thumbnailUrl">
                <value type="string">$(contextRoot)/static/widgets/[BBHOST]/widget-profile-portfolio/icon.png</value>
            </property>
            <property label="Title" name="title" viewHint="text-input,admin,designModeOnly">
                <value type="string">Profile - Portfolio</value>
            </property>
            <property label="Version" name="version" viewHint="designModeOnly">
                <value type="string">2.1.6</value>
            </property>
            <property label="Widget Chrome" name="widgetChrome" viewHint="select-one,admin,designModeOnly">
                <value type="string">$(contextRoot)/static/features/[BBHOST]/chromes/blank/chrome-blank.html</value>
            </property>
        </properties>
        <tags>
            <tag blacklist="false" type="regular">accounts</tag>
            <tag blacklist="false" type="section">banking</tag>
            <tag blacklist="false" type="regular">retail-banking</tag>
        </tags>
        <uuid>6205c9e5-a961-473c-8ba2-2d39c7d11ebb</uuid>
    </widget>
    <widget>
        <contextItemName>[BBHOST]</contextItemName>
        <name>widget-profile-preferences</name>
        <properties>
            <property name="Description">
                <value type="String"/>
            </property>
            <property name="TemplateName">
                <value type="string">Standard_Widget</value>
            </property>
            <property label="Accounts Service" name="accountsDataSrc" viewHint="text-input,admin,designModeOnly">
                <value type="string">$(servicesPath)/services/rest/v1/accounts</value>
            </property>
            <property name="area">
                <value type="string"/>
            </property>
            <property label="Balance Selector" name="balanceSelector" viewHint="text-input,admin,designModeOnly">
                <value type="string">current:Current Balance,available:Available Balance</value>
            </property>
            <property label="Categorization Selector" name="categorizationSelector" viewHint="text-input,admin,designModeOnly">
                <value type="string">true:Enabled,false:Disabled</value>
            </property>
            <property label="Icon Class" name="icon">
                <value type="string"/>
            </property>
            <property label="Locale" name="locale">
                <value type="string">en</value>
            </property>
            <property label="Locale Selector" name="localeSelector" viewHint="text-input,admin,designModeOnly">
                <value type="string">en-US:English,fr-FR:French,nl-NL:Dutch,it-IT:Italian</value>
            </property>
            <property name="order">
                <value type="double">0.0</value>
            </property>
            <property label="Preferences Service" name="preferenceService" viewHint="text-input,admin,designModeOnly">
                <value type="string">$(servicesPath)/services/rest/v1/party-data-management/preferences</value>
            </property>
            <property name="src">
                <value type="string">$(contextRoot)/static/widgets/[BBHOST]/widget-profile-preferences/index.html</value>
            </property>
            <property name="thumbnailUrl">
                <value type="string">$(contextRoot)/static/widgets/[BBHOST]/widget-profile-preferences/icon.png</value>
            </property>
            <property label="Title" name="title" viewHint="admin,designModeOnly">
                <value type="string">Profile - Preferences</value>
            </property>
            <property label="Version" name="version" viewHint="designModeOnly">
                <value type="string">2.3.5</value>
            </property>
            <property label="Widget Chrome" name="widgetChrome" viewHint="select-one,admin,designModeOnly">
                <value type="string">$(contextRoot)/static/features/[BBHOST]/chromes/blank/chrome-blank.html</value>
            </property>
        </properties>
        <tags>
            <tag blacklist="false" type="section">banking</tag>
            <tag blacklist="false" type="regular">profile</tag>
            <tag blacklist="false" type="regular">retail-banking</tag>
        </tags>
        <uuid>ea5506a5-f109-4306-856b-e9d09afc77eb</uuid>
    </widget>
    <widget>
        <contextItemName>[BBHOST]</contextItemName>
        <name>widget-review-transfers</name>
        <properties>
            <property name="Description">
                <value type="String"/>
            </property>
            <property name="TemplateName">
                <value type="string">Standard_Widget</value>
            </property>
            <property label="Accounts Data Source" name="accountsDataSrc" viewHint="text-input,admin,designModeOnly">
                <value type="string">$(servicesPath)/services/rest/v1/accounts</value>
            </property>
            <property name="area">
                <value type="string"/>
            </property>
            <property label="Hide footer" name="hideFooter" viewHint="checkbox,admin,designModeOnly">
                <value type="boolean">false</value>
            </property>
            <property label="Icon" name="icon" viewHint="text-input,admin,designModeOnly">
                <value type="string">review-transfers</value>
            </property>
            <property label="Locale" name="locale">
                <value type="string">en</value>
            </property>
            <property name="order">
                <value type="double">0.0</value>
            </property>
            <property label="Enrollment Status Endpoint for P2P Service" name="p2pEnrollmentEndpoint" viewHint="text-input,admin,designModeOnly">
                <value type="string">$(servicesPath)/services/rest/v1/p2p-enrollment</value>
            </property>
            <property label="Payment Orders Data Source" name="paymentOrdersDataSrc" viewHint="text-input,admin,designModeOnly">
                <value type="string">$(servicesPath)/services/rest/v1/payment-orders/:accountIds/:paymentId/:action</value>
            </property>
            <property label="Payment Orders Data Source" name="paymentOrdersSubmitPoint" viewHint="text-input,admin,designModeOnly">
                <value type="string">$(servicesPath)/services/rest/v1/payment-orders/$(orderId)</value>
            </property>
            <property label="Pending Payment Orders Data Source" name="pendingPaymentOrdersDataSrc" viewHint="text-input,admin,designModeOnly">
                <value type="string">$(servicesPath)/services/rest/v1/payment-orders</value>
            </property>
            <property name="src">
                <value type="string">$(contextRoot)/static/widgets/[BBHOST]/widget-review-transfers/index.html</value>
            </property>
            <property name="thumbnailUrl">
                <value type="string">$(contextRoot)/static/widgets/[BBHOST]/widget-review-transfers/icon.png</value>
            </property>
            <property label="Title" name="title" viewHint="text-input,admin,designModeOnly">
                <value type="string">Review Transfers</value>
            </property>
            <property label="Version" name="version" viewHint="designModeOnly">
                <value type="string">2.3.4</value>
            </property>
            <property label="Widget Chrome" name="widgetChrome" viewHint="select-one,admin,designModeOnly">
                <value type="string">$(contextRoot)/static/features/[BBHOST]/chromes/blank/chrome-blank.html</value>
            </property>
        </properties>
        <tags>
            <tag blacklist="false" type="section">banking</tag>
            <tag blacklist="false" type="regular">retail-banking</tag>
            <tag blacklist="false" type="behavior">review-transfers</tag>
            <tag blacklist="false" type="regular">transactions</tag>
        </tags>
        <uuid>70816c4a-480e-47ed-a6a6-79a9da705edc</uuid>
    </widget>
    <widget>
        <contextItemName>[BBHOST]</contextItemName>
        <name>widget-saving-goals</name>
        <properties>
            <property name="Description">
                <value type="String"/>
            </property>
            <property name="TemplateName">
                <value type="string">Standard_Widget</value>
            </property>
            <property name="area">
                <value type="string"/>
            </property>
            <property label="Icon" name="icon" viewHint="text-input,user,designModeOnly">
                <value type="string">saving-goals</value>
            </property>
            <property label="Locale" name="locale" viewHint="user,text-input,designModeOnly">
                <value type="string">en-US</value>
            </property>
            <property label="Mininum duration in months" name="minMonths" viewHint="admin,text-input,designModeOnly">
                <value type="string">3</value>
            </property>
            <property name="order">
                <value type="double">0.0</value>
            </property>
            <property label="Saving Accounts Data Src" name="savingAccountsDataSrc" viewHint="admin,text-input,designModeOnly">
                <value type="string">$(servicesPath)/services/rest/v1/saving-accounts</value>
            </property>
            <property label="Saving Goals Data Src" name="savingGoalsDataSrc" viewHint="admin,text-input,designModeOnly">
                <value type="string">$(servicesPath)/services/rest/v1/pfm/saving-goals/:savingId</value>
            </property>
            <property label="Show Account Select" name="showAccountSelect" viewHint="checkbox,designModeOnly,admin">
                <value type="boolean">true</value>
            </property>
            <property name="src">
                <value type="string">$(contextRoot)/static/widgets/[BBHOST]/widget-saving-goals/index.html</value>
            </property>
            <property name="thumbnailUrl">
                <value type="string">$(contextRoot)/static/widgets/[BBHOST]/widget-saving-goals/icon.png</value>
            </property>
            <property label="Title" name="title" viewHint="user,text-input,designModeOnly">
                <value type="string">Saving Goals</value>
            </property>
            <property label="Version" name="version" viewHint="designModeOnly">
                <value type="string">2.4.3</value>
            </property>
            <property label="Widget Chrome" name="widgetChrome" viewHint="select-one,admin,designModeOnly">
                <value type="string">$(contextRoot)/static/features/[BBHOST]/chromes/blank/chrome-blank.html</value>
            </property>
        </properties>
        <tags>
            <tag blacklist="false" type="section">banking</tag>
            <tag blacklist="false" type="regular">pfm</tag>
            <tag blacklist="false" type="regular">retail-banking</tag>
        </tags>
        <uuid>be29ae5f-da91-48fe-8fbb-7dfb8b1fafeb</uuid>
    </widget>
    <widget>
        <contextItemName>[BBHOST]</contextItemName>
        <name>widget-secure-messaging</name>
        <properties>
            <property name="Description">
                <value type="String"/>
            </property>
            <property name="TemplateName">
                <value type="string">Standard_Widget</value>
            </property>
            <property name="area">
                <value type="string"/>
            </property>
            <property label="Categories" name="categoryList" viewHint="admin,text-input,designModeOnly">
                <value type="string">Personal</value>
            </property>
            <property label="Icon" name="icon" viewHint="text-input,user,designModeOnly">
                <value type="string">secure-messaging</value>
            </property>
            <property label="Letter Data Source" name="letterSrc" viewHint="admin,text-input,designModeOnly">
                <value type="string">$(servicesPath)/services/rest/v1/messaging/letters/:letterId/:action</value>
            </property>
            <property name="locale" viewHint="user,text-input,designModeOnly">
                <value type="string">en-US</value>
            </property>
            <property name="order">
                <value type="double">0.0</value>
            </property>
            <property label="Recipients Data Source" name="recipientsSrc" viewHint="admin,text-input,designModeOnly">
                <value type="string">$(servicesPath)/services/rest/v1/messaging/recipients</value>
            </property>
            <property name="src">
                <value type="string">$(contextRoot)/static/widgets/[BBHOST]/widget-secure-messaging/index.html</value>
            </property>
            <property label="Message Thread Data Source" name="threadSrc" viewHint="admin,text-input,designModeOnly">
                <value type="string">$(servicesPath)/services/rest/v1/messaging/threads/:threadId/:itemType/:itemId/:action</value>
            </property>
            <property name="thumbnailUrl">
                <value type="string">$(contextRoot)/static/widgets/[BBHOST]/widget-secure-messaging/icon.png</value>
            </property>
            <property label="Title" name="title" viewHint="user,text-input,designModeOnly">
                <value type="string">Message Center</value>
            </property>
            <property label="Version" name="version" viewHint="designModeOnly">
                <value type="string">3.0.3</value>
            </property>
            <property label="Widget Chrome" name="widgetChrome" viewHint="select-one,admin,designModeOnly">
                <value type="string">$(contextRoot)/static/features/[BBHOST]/chromes/blank/chrome-blank.html</value>
            </property>
        </properties>
        <tags>
            <tag blacklist="false" type="section">banking</tag>
            <tag blacklist="false" type="regular">notification</tag>
            <tag blacklist="false" type="regular">retail-banking</tag>
        </tags>
        <uuid>6cbbc780-54f4-4d2d-ac93-3114065c064f</uuid>
    </widget>
    <widget>
        <contextItemName>[BBHOST]</contextItemName>
        <name>widget-structured-content</name>
        <properties>
            <property label="Description" name="Description">
                <value type="string">Basic widget to display structured content instance</value>
            </property>
            <property name="TemplateName">
                <value type="string">Standard_Widget</value>
            </property>
            <property name="area">
                <value type="string">0</value>
            </property>
            <property label="Default Content" name="contentRef">
                <value type="contentRef"/>
            </property>
            <property label="Dynamic Page" name="linkBase" viewHint="user">
                <value type="string"/>
            </property>
            <property name="order">
                <value type="double">0.0</value>
            </property>
            <property name="src">
                <value type="string">$(contextRoot)/static/widgets/[BBHOST]/widget-structured-content/index.html</value>
            </property>
            <property label="Template" name="templateUrl" viewHint="select-one,manager">
                <value type="string">$(contextRoot)/static/widgets/[BBHOST]/widget-structured-content/templates/article-featured.html</value>
            </property>
            <property name="thumbnailUrl">
                <value type="string">$(contextRoot)/static/widgets/[BBHOST]/widget-structured-content/icon.png</value>
            </property>
            <property label="Title" name="title" viewHint="text-input,user">
                <value type="string">Structured Content</value>
            </property>
            <property label="Version" name="version" viewHint="designModeOnly">
                <value type="string">1.0.9</value>
            </property>
            <property label="Widget Chrome" name="widgetChrome">
                <value type="string">$(contextRoot)/static/backbase.com.2012.aurora/html/chromes/widget_none.html</value>
            </property>
        </properties>
        <tags>
            <tag blacklist="false" type="regular">backbase</tag>
            <tag blacklist="false" type="regular">cms</tag>
            <tag blacklist="false" type="regular">content</tag>
            <tag blacklist="false" type="section">content</tag>
            <tag blacklist="false" type="regular">template</tag>
            <tag blacklist="false" type="regular">universal</tag>
        </tags>
        <uuid>1d059a54-6951-4eaf-8011-8e4d6335bff5</uuid>
    </widget>
    <widget>
        <contextItemName>[BBHOST]</contextItemName>
        <name>widget-transactions</name>
        <properties>
            <property name="Description">
                <value type="String"/>
            </property>
            <property name="TemplateName">
                <value type="string">Standard_Widget</value>
            </property>
            <property label="Accounts Chart Data Source" name="accountBalanceChartDataSrc" viewHint="text-input,admin,designModeOnly">
                <value type="string">$(servicesPath)/services/rest/v1/current-accounts/$(accountId)/balance</value>
            </property>
            <property label="Funds on Hold" name="accountHolds" viewHint="text-input,admin,designModeOnly">
                <value type="string">$(servicesPath)/services/rest/v1/account-holds?accountIds=$(accountIds)</value>
            </property>
            <property label="Accounts Data Source" name="accountsDataSrc" viewHint="text-input,admin,designModeOnly">
                <value type="string">$(servicesPath)/services/rest/v1/accounts</value>
            </property>
            <property name="area">
                <value type="string"/>
            </property>
            <property label="Transaction Categories Data Source" name="categoriesDataSrc" viewHint="text-input,admin,designModeOnly">
                <value type="string">$(servicesPath)/services/rest/v1/pfm/transaction-categories</value>
            </property>
            <property label="Category Data Source" name="categoryDataSrc" viewHint="text-input,admin,designModeOnly">
                <value type="string">$(servicesPath)/services/rest/v1/pfm/transaction-categories</value>
            </property>
            <property label="Category Spendings Data Source" name="categorySpendingDataSrc" viewHint="text-input,admin,designModeOnly">
                <value type="string">$(servicesPath)/services/rest/v1/current-accounts/spendings</value>
            </property>
            <property label="Contacts Data Source" name="contactsDataSrc" viewHint="text-input,admin,designModeOnly">
                <value type="string">$(servicesPath)/services/rest/v1/counterparties</value>
            </property>
            <property label="Hide footer" name="hideFooter" viewHint="checkbox,admin,designModeOnly">
                <value type="boolean">false</value>
            </property>
            <property label="Hide Transaction Details in list" name="hideTransactionDetails" viewHint="checkbox,admin,designModeOnly">
                <value type="boolean">false</value>
            </property>
            <property label="Icon" name="icon" viewHint="text-input,admin,designModeOnly">
                <value type="string">transactions</value>
            </property>
            <property label="Locale" name="locale">
                <value type="string">en</value>
            </property>
            <property name="order">
                <value type="double">0.0</value>
            </property>
            <property label="Preference Service" name="preferenceService" viewHint="text-input,admin,designModeOnly">
                <value type="string">$(servicesPath)/services/rest/v1/party-data-management/preferences</value>
            </property>
            <property label="Show Account Select" name="showAccountSelect" viewHint="checkbox,admin,designModeOnly">
                <value type="boolean">true</value>
            </property>
            <property label="Show Charts" name="showCharts" viewHint="checkbox,admin,designModeOnly">
                <value type="boolean">true</value>
            </property>
            <property label="Show Dates for All Transactions" name="showDatesAllTransactions" viewHint="checkbox,admin,designModeOnly">
                <value type="boolean">false</value>
            </property>
            <property label="Show Export Button" name="showExportButton" viewHint="checkbox,admin,designModeOnly">
                <value type="boolean">false</value>
            </property>
            <property label="Show Scrollbar" name="showScrollbar" viewHint="checkbox,admin,designModeOnly">
                <value type="boolean">false</value>
            </property>
            <property label="Show Transaction Icons" name="showTransactionIcons" viewHint="checkbox,admin,designModeOnly">
                <value type="boolean">true</value>
            </property>
            <property name="src">
                <value type="string">$(contextRoot)/static/widgets/[BBHOST]/widget-transactions/index.html</value>
            </property>
            <property label="Stick widget header to the top" name="stickyHeader" viewHint="checkbox,admin,designModeOnly">
                <value type="boolean">false</value>
            </property>
            <property name="thumbnailUrl">
                <value type="string">$(contextRoot)/static/widgets/[BBHOST]/widget-transactions/icon.png</value>
            </property>
            <property label="Title" name="title" viewHint="text-input,admin,designModeOnly">
                <value type="string">Transactions</value>
            </property>
            <property label="Transactions Data Source" name="transactionDetailsDataSrc" viewHint="text-input,admin,designModeOnly">
                <value type="string">$(servicesPath)/services/rest/v1/current-accounts/transaction/$(transactionId)/details</value>
            </property>
            <property label="Transactions Chart Data Source" name="transactionsChartDataSrc" viewHint="text-input,admin,designModeOnly">
                <value type="string">$(servicesPath)/services/rest/v1/current-accounts/$(accountId)/turnover</value>
            </property>
            <property label="Transactions Data Source" name="transactionsDataSrc" viewHint="text-input,admin,designModeOnly">
                <value type="string">$(servicesPath)/services/rest/v1/current-accounts/$(accountId)/transactions</value>
            </property>
            <property label="Transactions Per Page" name="transactionsPageSize" viewHint="text-input,admin,designModeOnly">
                <value type="string">20</value>
            </property>
            <property label="Version" name="version" viewHint="designModeOnly">
                <value type="string">3.11.5</value>
            </property>
            <property label="Widget Chrome" name="widgetChrome" viewHint="select-one,admin,designModeOnly">
                <value type="string">$(contextRoot)/static/features/[BBHOST]/chromes/blank/chrome-blank.html</value>
            </property>
        </properties>
        <tags>
            <tag blacklist="false" type="section">banking</tag>
            <tag blacklist="false" type="regular">retail-banking</tag>
            <tag blacklist="false" type="behavior">transactions</tag>
            <tag blacklist="false" type="regular">transactions</tag>
        </tags>
        <uuid>93abd40c-a97c-4714-aede-461f92b1ad76</uuid>
    </widget>
</serverWidgets>