<serverContainers>
    <container>
        <contextItemName>[BBHOST]</contextItemName>
        <name>Manageable_Area_Closure</name>
        <properties>
            <property label="Description" name="Description">
                <value type="string">Area that will be manageable on regular pages. Items can be reordered, added and deleted.</value>
            </property>
            <property name="TemplateName">
                <value type="string">ManageableArea</value>
            </property>
            <property name="autoExtend">
                <value type="boolean">true</value>
            </property>
            <property name="config">
                <value type="string">$(contextRoot)/static/backbase.com.2013.aurora/containers/ManageableArea/config.xml</value>
            </property>
            <property name="isManageableArea">
                <value type="boolean">true</value>
            </property>
            <property name="thumbnailUrl">
                <value type="string">$(contextRoot)/static/backbase.com.2013.aurora/containers/ManageableArea/media/ManageableArea-icon.png</value>
            </property>
            <property name="title">
                <value type="string">Manageable Area</value>
            </property>
            <property name="viewNamespace">
                <value type="string">http://backbase.com/2013/aurora</value>
            </property>
        </properties>
        <tags>
            <tag blacklist="false" type="regular">fluid</tag>
            <tag blacklist="false" type="section">layouts</tag>
            <tag blacklist="false" type="regular">manageable area</tag>
        </tags>
        <uuid>84538fe0-5853-486f-a936-68531b74cc17</uuid>
    </container>
    <container>
        <contextItemName>[BBHOST]</contextItemName>
        <name>TargetingContainer</name>
        <properties>
            <property label="Description" name="Description">
                <value type="string">Allows custom content to be targeted at different segments. Define each segment within the Target panel.</value>
            </property>
            <property name="TemplateName">
                <value type="string">TCont</value>
            </property>
            <property name="order">
                <value type="double">0.0</value>
            </property>
            <property name="thumbnailUrl">
                <value type="string">$(contextRoot)/static/backbase.com.2012.darts/media/icons/pagedesigner-layouts-icons_targeting.png</value>
            </property>
            <property label="Title" name="title" viewHint="">
                <value type="string">Targeting Container</value>
            </property>
        </properties>
        <tags>
            <tag blacklist="false" type="section">Digital Marketing</tag>
            <tag blacklist="false" type="regular">targeting</tag>
        </tags>
        <uuid>b5aa21ac-fc85-489f-8c15-37d1ee2512a8</uuid>
    </container>
    <container>
        <contextItemName>[BBHOST]</contextItemName>
        <name>TargetingContainerChild</name>
        <properties>
            <property name="Description">
                <value type="String"/>
            </property>
            <property name="TemplateName">
                <value type="string">Column_table</value>
            </property>
            <property name="columnWidths">
                <value type="string">100%</value>
            </property>
            <property name="numberOfColumns">
                <value type="string">1</value>
            </property>
            <property name="order">
                <value type="double">0.0</value>
            </property>
            <property name="thumbnailUrl">
                <value type="string">$(contextRoot)/static/backbase.com.2012.darts/media/icons/pagedesigner-layouts-icons_targeting.png</value>
            </property>
            <property name="title">
                <value type="string">Fall Back</value>
            </property>
        </properties>
        <tags>
            <tag blacklist="false" type="section">Digital Marketing</tag>
            <tag blacklist="false" type="section">hide-in-catalog</tag>
            <tag blacklist="false" type="regular">targeting</tag>
        </tags>
        <uuid>b9c7d9d2-7b50-4f05-b6e9-9313f20c8d81</uuid>
    </container>
    <container>
        <contextItemName>[BBHOST]</contextItemName>
        <name>column-layout</name>
        <properties>
            <property name="TemplateName">
                <value type="string">ColumnsContainer</value>
            </property>
            <property name="area">
                <value type="string"/>
            </property>
            <property label="Columns" name="columns" viewHint="text-input,admin,designModeOnly">
                <value type="string">4,4,4</value>
            </property>
            <property label="Column CSS classes" name="columnsCSSClasses" viewHint="text-input,admin,designModeOnly">
                <value type="string">col-sm-4,col-sm-4,col-sm-4</value>
            </property>
            <property name="config">
                <value type="string">$(contextRoot)/static/containers/[BBHOST]/column-layout/config.xml</value>
            </property>
            <property name="csr">
                <value type="boolean">false</value>
            </property>
            <property name="gridSize">
                <value type="double">12.0</value>
            </property>
            <property name="order">
                <value type="double">0.0</value>
            </property>
            <property name="thumbnailUrl">
                <value type="string">$(contextRoot)/static/containers/[BBHOST]/column-layout/icon.png</value>
            </property>
            <property name="title">
                <value type="string">Columns</value>
            </property>
            <property label="Version" name="version" viewHint="designModeOnly">
                <value type="string">1.1.1</value>
            </property>
            <property name="viewNamespace">
                <value type="string">launchpad</value>
            </property>
        </properties>
        <tags>
            <tag blacklist="false" type="regular">container</tag>
            <tag blacklist="false" type="section">layouts</tag>
        </tags>
        <uuid>a2710516-05df-42cd-b281-9b59961aa15d</uuid>
    </container>
    <container>
        <contextItemName>[BBHOST]</contextItemName>
        <name>container-simple-page-layout</name>
        <properties>
            <property name="TemplateName">
                <value type="string">SimplePageLayoutContainer</value>
            </property>
            <property name="area">
                <value type="string"/>
            </property>
            <property name="config">
                <value type="string">$(contextRoot)/static/containers/[BBHOST]/container-simple-page-layout/config.xml</value>
            </property>
            <property name="csr">
                <value type="boolean">false</value>
            </property>
            <property label="Layout type" name="layoutType" viewHint="select-one,admin,designModeOnly">
                <value type="string">fixed</value>
            </property>
            <property name="layoutTypeList">
                <value type="string">Fixed layout,fixed;Fluid layout,fluid;Custom,custom</value>
            </property>
            <property name="order">
                <value type="double">0.0</value>
            </property>
            <property name="thumbnailUrl">
                <value type="string">$(contextRoot)/static/containers/[BBHOST]/container-simple-page-layout/icon.png</value>
            </property>
            <property name="title">
                <value type="string">Simple Page Layout</value>
            </property>
            <property label="Version" name="version" viewHint="designModeOnly">
                <value type="string">1.0.3</value>
            </property>
            <property label="Vertical position" name="verticalPosition" viewHint="select-one,admin,designModeOnly">
                <value type="string">top</value>
            </property>
            <property name="verticalPositionList">
                <value type="string">Align top,top;Align middle,middle</value>
            </property>
            <property name="viewNamespace">
                <value type="string">launchpad</value>
            </property>
        </properties>
        <tags>
            <tag blacklist="false" type="regular">container</tag>
            <tag blacklist="false" type="section">layouts</tag>
        </tags>
        <uuid>ed0ceb99-29f6-409f-a1ce-5b1c7de6f95d</uuid>
    </container>
    <container>
        <contextItemName>[BBHOST]</contextItemName>
        <name>launcher-deck-container</name>
        <properties>
            <property name="Description">
                <value type="string">Container including tab navigation through the panels inside.</value>
            </property>
            <property name="TemplateName">
                <value type="string">LauncherDeckContainer</value>
            </property>
            <property label="Hide Panel header on small screens" name="autohideHeader" viewHint="checkbox,designModeOnly,user">
                <value type="boolean">true</value>
            </property>
            <property label="Autohide tabs on small screens" name="autohideTabs" viewHint="checkbox,designModeOnly,user">
                <value type="boolean">true</value>
            </property>
            <property name="behaviors">
                <value type="string">launchpad.behaviors.retail.RetailBehaviors</value>
            </property>
            <property name="config">
                <value type="string">$(contextRoot)/static/containers/[BBHOST]/launcher-deck-container/config.xml</value>
            </property>
            <property name="csr">
                <value type="boolean">false</value>
            </property>
            <property label="Default Panel" name="defaultPanel" viewHint="text-input,designModeOnly,manager">
                <value type="string"/>
            </property>
            <property label="Fix Default Panel" name="fixDefaultPanel" viewHint="checkbox,designModeOnly,user">
                <value type="boolean">true</value>
            </property>
            <property name="state">
                <value type="string"/>
            </property>
            <property name="thumbnailUrl">
                <value type="string">$(contextRoot)/static/containers/[BBHOST]/launcher-deck-container/icon.png</value>
            </property>
            <property label="Title" name="title" viewHint="text-input,designModeOnly,user">
                <value type="string">Launcher Deck Container</value>
            </property>
            <property label="Version" name="version" viewHint="designModeOnly">
                <value type="string">1.3.1</value>
            </property>
            <property name="viewNamespace">
                <value type="string">launchpad</value>
            </property>
        </properties>
        <tags>
            <tag blacklist="false" type="regular">container</tag>
            <tag blacklist="false" type="section">layouts</tag>
        </tags>
        <uuid>17457866-71fd-4244-ab3c-322d2ac81225</uuid>
    </container>
    <container>
        <contextItemName>[BBHOST]</contextItemName>
        <name>panel-container</name>
        <properties>
            <property name="Description">
                <value type="string">Generic empty panel which can be added to a Deck Container as a child.</value>
            </property>
            <property name="TemplateName">
                <value type="string">PanelContainer</value>
            </property>
            <property name="config">
                <value type="string">$(contextRoot)/static/containers/[BBHOST]/panel-container/config.xml</value>
            </property>
            <property name="csr">
                <value type="boolean">false</value>
            </property>
            <property name="thumbnailUrl">
                <value type="string">$(contextRoot)/static/containers/[BBHOST]/panel-container/icon.png</value>
            </property>
            <property label="Title" name="title" viewHint="text-input,designModeOnly,user">
                <value type="string">Panel Container</value>
            </property>
            <property label="Version" name="version" viewHint="designModeOnly">
                <value type="string">1.0.3</value>
            </property>
            <property name="viewNamespace">
                <value type="string">launchpad</value>
            </property>
        </properties>
        <tags>
            <tag blacklist="false" type="regular">container</tag>
        </tags>
        <uuid>f6a6e2fe-efa9-4e45-975a-9fb9d24e8cd5</uuid>
    </container>
    <container>
        <contextItemName>[BBHOST]</contextItemName>
        <name>tabs-container</name>
        <properties>
            <property name="Description">
                <value type="string">Generic container for holding several panels which can be shown one at a time.</value>
            </property>
            <property name="TemplateName">
                <value type="string">Tabs</value>
            </property>
            <property name="config">
                <value type="string">$(contextRoot)/static/containers/[BBHOST]/tabs-container/config.xml</value>
            </property>
            <property name="csr">
                <value type="boolean">false</value>
            </property>
            <property label="Default Tab" name="defaultPanel" viewHint="text-input,designModeOnly,manager">
                <value type="string"/>
            </property>
            <property label="State" name="state" viewHint="text-input,designModeOnly,manager">
                <value type="string"/>
            </property>
            <property name="thumbnailUrl">
                <value type="string">$(contextRoot)/static/containers/[BBHOST]/tabs-container/icon.png</value>
            </property>
            <property label="Title" name="title" viewHint="text-input,designModeOnly,user">
                <value type="string">Tabs Container</value>
            </property>
            <property label="Version" name="version" viewHint="designModeOnly">
                <value type="string">1.1.1</value>
            </property>
            <property name="viewNamespace">
                <value type="string">launchpad</value>
            </property>
        </properties>
        <tags>
            <tag blacklist="false" type="regular">container</tag>
            <tag blacklist="false" type="section">layouts</tag>
            <tag blacklist="false" type="regular">tab</tag>
        </tags>
        <uuid>f95fb083-d619-49c3-b5b0-dd4977ddadf3</uuid>
    </container>
</serverContainers>