<?xml version="1.0" encoding="UTF-8"?>
<beans xmlns="http://www.springframework.org/schema/beans"
    xmlns:xsi="http://www.w3.org/2001/XMLSchema-instance" xmlns:context="http://www.springframework.org/schema/context"
    xmlns:mvc="http://www.springframework.org/schema/mvc"
    xsi:schemaLocation="
            http://www.springframework.org/schema/beans
            http://www.springframework.org/schema/beans/spring-beans-3.1.xsd
            http://www.springframework.org/schema/context
            http://www.springframework.org/schema/context/spring-context-3.1.xsd
            http://www.springframework.org/schema/mvc
            http://www.springframework.org/schema/mvc/spring-mvc-3.1.xsd">
    
    <context:component-scan base-package="com.aquima.web.webinterceptor" />
    
    <mvc:annotation-driven />
    
    <!-- Handler Mappings -->       
    <bean id="handlerMapping" class="org.springframework.web.servlet.mvc.method.annotation.RequestMappingHandlerMapping">
        <property name="detectHandlerMethodsInAncestorContexts" value="true"/>
        <!-- <property name="detectHandlersInAncestorContexts" value="true" />-->
        <property name="order" value="-2" />
    </bean>
    
    <bean class="org.springframework.web.servlet.handler.BeanNameUrlHandlerMapping">
        <property name="detectHandlersInAncestorContexts" value="true" />
        <property name="order" value="-1" />
    </bean>
    
    <bean class="org.springframework.web.servlet.mvc.method.annotation.RequestMappingHandlerAdapter"/>
    
    <!-- Interceptors -->
    <mvc:interceptors>
<!--         <mvc:interceptor>
            <mvc:mapping path="/session/**"/>
            <mvc:mapping path="/start/**"/>
            <mvc:mapping path="/xslt/**" />
            <bean id="csrfInterceptor" class="com.aquima.web.webinterceptor.CSRFInterceptor" />
        </mvc:interceptor>
 -->        
        <bean id="webContentInterceptor" class="org.springframework.web.servlet.mvc.WebContentInterceptor">
            <property name="cacheSeconds" value="0" />
            <property name="useExpiresHeader" value="true" />
            <property name="useCacheControlHeader" value="true" />
            <property name="useCacheControlNoStore" value="true" />
        </bean>
        <bean id="requestLogInterceptor" class="com.aquima.web.webinterceptor.RequestLogInterceptor" autowire="byType" />
        <bean id="pluginInClassLoaderIntercepter" class="com.aquima.web.webinterceptor.PluginClassLoaderIntercepter" autowire="byType" />
        <bean id="webInterceptorHandler" class="com.aquima.web.webinterceptor.WebInterceptorDelegateHandler" autowire="byType" />
        
<!--        <bean id="dynamicOSIVInterceptor" class="com.aquima.web.webinterceptor.DynamicOSIVInterceptor" autowire="byType" /> -->
<!--        <bean id="openSessionInViewInterceptor" class="org.springframework.orm.hibernate3.support.OpenSessionInViewInterceptor" autowire="byType"> -->
<!--            <property name="sessionFactory" ref="processSessionFactory"/> -->
<!--        </bean> -->
    </mvc:interceptors>
</beans>