<?xml version="1.0" encoding="UTF-8"?>
<!--NOTE If no unit of time is specified, then the unit of time is assumed to be milliseconds,
which is usually inappropriate. If you change the default scanning period, do not forget to
specify a time unit.-->
<configuration debug="false" scan="true" scanPeriod="30 seconds">

    <contextName>Mosaic Forms Plugins</contextName>

    <!-- Console -->
    <appender name="STDOUT" class="ch.qos.logback.core.ConsoleAppender">
        <encoder>
            <pattern>%d{yyyy-MM-dd HH:mm:ss.SSS} %contextName [%thread] %-5level %logger{36} - %msg%n</pattern>
        </encoder>
    </appender>

    <logger name="org.springframework" level="WARN"/>
    <logger name="org.apache" level="WARN"/>

    <logger name="com.aquima" level="WARN"/>
    <logger name="com.aquima.web.ui.xslt" level="ERROR"/>
    <logger name="com.aquima.web.controller" level="WARN"/>

    <logger name="com.backbase.expert.forms.extensions" level="WARN"/>
    <logger name="com.backbase.expert.forms.extensions.services.LogService" level="DEBUG"/>

    <root level="WARN">
        <appender-ref ref="STDOUT"/>
    </root>
</configuration>
