Code;Description
AAB00001;Abattoir Inspector
AAC02588;Abattoir Worker
AAD03000;Abrasive Wheels Worker
AAB00010;Account Executive
AAB00011;Accountant (employed)
IQ0101;Accountant (self-employed)
AAD03001;Accounts Administrator/Assistant
AAB00013;Acidifier Operator
AAD03002;Acrobat
AAB00020;Actor/Actress (no stunt work)
AAB00021;Actuary
AAB00022;Acupuncturist
AAC02590;Administration Manager
OC3343;Administrative and executive secretary
AAD03003;Administrator - office
OC2431;Advertising and marketing professional
AAC02591;Advertising executive
AAB00023;Advertising Manager
AAB00024;Aerial Erector (40\' up)
AAB00025;Aerial Erector (up to 40\')
AAB00026;Aerial Photography
AAC02592;Aerobics Instructor
OC1343;Aged care services manager
AAB00027;Agent
OC1311;Agricultural and forestry production manager
OC7233;Agricultural and industrial machinery mechanic and repairer
AAB00028;Agricultural Engineer
OC3142;Agricultural technician
AAB00030;Agricultural Worker
AAB00031;Agronomist
AAD03004;Air Compressor Operator
OC7127;Air conditioning and refrigeration mechanic
AAB00036;Air Frame Service Fitter
AAB00037;Air Pump Attendant -Coastal etc
AAB00038;Air Pump Attendant -Deep Sea
AAB00039;Air Traffic Control Assistant
AAB00041;Air Traffic Controller
AAC02593;Air Traffic Planner 
OC3155;Air traffic safety electronics technician
AAB00042;Aircraft Electronics Service Fitter
OC7232;Aircraft engine mechanic and repairer
AAB00043;Aircraft Engine Service Fitter
AAB00044;Aircraft Finisher
AAB00045;Aircraft Inspector
AAB00046;Aircraft Instrument Mechanic
AAB00047;Aircraft Joiner
AAB00048;Aircraft Maintenance Technician
AAB00049;Aircraft Marshaller
OC3153;Aircraft pilot and related associate professional
AAB00050;Aircraft Refueller
AAB00051;Aircrew (including Flight Engineer)
AAB00052;Airline Cabin Staff
AAB00053;Airline Pilots
AAB00054;Airport Manager
AAB00055;Airport Superintendent
AAD03392;Alternative Therapist/Complimentary Therapist
AAC02594;Ambassador
AAB00057;Ambulance Driver
AAB00058;Ambulanceman (No driving)
AAB00119;Amusement Arcade Worker
AAD03005;Amusement Park Worker
AAB00060;Anaesthetist
AAD03006;Analyst - Business
AAD03007;Analyst - City
AAD03008;Analyst - Investment
AAD03009;Analyst - Systems
AAD03010;Analyst- Other
AAC02596;Analytical Chemist
AAB00062;Ancient Monuments Inspector
AAB00063;Animal Nursing Auxiliary
OC6129;Animal producer
AAB00064;Animal Trainer/Keeper
AAB00065;Animator
AAB00066;Annealer
AAB00067;Announcer - Radio & TV - Entertainment
AAB00068;Announcer - Station Personnel - Railways
AAB00069;Anodiser
AAB00070;Antique Dealer
AAB00071;Antique Restorer
OC6123;Apiarist and sericulturist
OC2514;Applications programmer
OC1312;Aquaculture and fisheries production manager
OC6221;Aquaculture worker
AAB00073;Arc Welder
AAB00074;Archaeologist
AAC02597;Archaeologist (other countries) 
AAB00075;Architect
AAC02598;Architect (office)
AAB00076;Archivist
AAD03011;Armed Forces - Army - aircrew
AAD03012;Armed Forces - Army - bomb disposal
AAD03013;Armed Forces - Army - no bomb disposal
AAD03014;Armed Forces - Army - SAS
AAD03015;Armed Forces - Full time reservist - no special duties
AAD03016;Armed Forces - Full time reservist - special duties
AAD03017;Armed Forces - Navy - aircrew
AAD3390;Armed Forces - Navy - divin
AAD03018;Armed Forces - Navy - no diving
AAD03019;Armed Forces - Navy - SBS
AAD03389;Armed Forces - RAF - aircrew
AAD03020;Armed Forces - RAF - no flying
OC0310;Armed forces occupations, other rank
IQ0102;Arms dealer/manufacturer
AAB00079;Aromatherapist
AAB00080;Arranger
AAB00081;Art Director
AAB00082;Art Gallery Attendant
AAB00083;Art Gallery Curator
AAB00084;Art Gallery Guide
AAC02599;Art Gallery Manager - Commercial
AAB00085;Artexer
AAB00086;Artist - Freelance Painter
AAB00087;Artist Commercial
AAB00088;Artist\'s Model
AAD03021;Asbestos Inspector
AAB00089;Asbestos Worker
AAB00095;Asphalter
OC8219;Assembler
AAB00108;Assembler - Woodworking Industry
AAB00109;Assembly Inspector
AAC02600;Assessor (claims/insurance)
IQ0001;Asset Manager/Portfolio Manager
AAB00110;Assistant Cameraman
AAB00111;Assistant Director
AAB00112;Assistant Editor
AAB00113;Assistant Superintendent
AAB00114;Assistant Tool Pusher
AAB00115;Associate Producer
AAB00116;Astrologer
AAB00117;Astronomer
OC3421;Athlete and sports player
AAC02602;Atomic Energy Worker
AAB00120;Attendant - Bingo - Entertainment
AAB00121;Attendant - Fairground etc - Entertainment
AAD03022;Au Pair
AAB00122;Auctioneer
OC2266;Audiologist and speech therapist
AAB00123;Audiometrician
AAB00124;Auditor
AAB00125;Author
AAB00126;Autoclave Operator
AAB00127;Autolysis Man
AAB00128;Automatic Train Attendant
AAD03023;Auxiliary Nurse
BAB00130;Baggage Handler
BAD03025;Baggage Manager
BAB00133;Baggage Master
BAB00134;Baggage Porter
BAD03026;Bailiff
BAC02606;Baker
BAB00135;Bakery Equipment Operator
BAC02607;Bakery Shop Manager 
BAB00137;Baler
BAB00138;Band Leader
BAB00139;Band Mill Sawyer
BAB00141;Bank Staff 
OC4211;Bank teller and related clerk
BAD03027;Banksman
BAB00152;Banksman\'s Assistant
BAC02609;Bar Manager/Proprietor
BAB00153;Bar Steward
BAC02610;Barber
BAC02611;Barber - Shop Manager/Proprietor
BAB00154;Bargeman - Merchant Marine
BAB00155;Bargeman - Quarrying
BAB00156;Bargemaster
BAB00157;Barley Roaster
BAB00158;Barmaid
BAB00159;Barman
BAB00160;Barrelman
BAC02612;Barrister
BAB00161;Barrister, Advocate
BAB00163;Batman
BAB00164;Battery Assembler
BAB00165;Battery Repairer
BAB00167;Beautician
BAC02613;Beautician Shop Manager/Proprietor
BAC02614;Bed & Breakfast Proprietor
BAB00168;Beekeeper, Apiarist
BAB00169;Belt Maker
BAB00170;Belt Patrol Man
BAB00171;Bench Hand - Production Fitting - Metal Manufacture
BAB00172;Bench Hand - Rubber Industry - Natural
BAB00173;Berthing Superintendent
IQ0002;Betting Shop Manager (Internet)
BAC02615;Betting Shop Manager (on course)
BAC02616;Betting Shop Manager (shop based) 
OC7234;Bicycle and related repairer
BAB00174;Bill Poster/Sticker
BAD03029;Bin Man
BAB00176;Bindery Assistant
BAB00177;Binding Machine Attendant
BAD03030;Bingo Hall Manager
BAC02618;Biochemist
BAC02619;Biochemist - Lecturing and research
BAC02620;Biological scientist
BAB00178;Biologist (No travel/ underwater)
BAB00179;Biologist (Overseas travel)
BAB00180;Biologist (Underwater work)
BAB00181;Biscuit Baker
BAB00182;Blacksmith
OC7221;Blacksmith, hammersmith and forging press worker
BAB00183;Blancher
BAD03031;Blaster - quarry
BAB00184;Bleacher - Paper & Board Manufacture
BAB00185;Bleacher - Textile & Clothing Industry
BAB00186;Blender
BAB00187;Block Cutter
BAB00188;Boarding School Matron
BAB00189;Boat Builder
BAB00190;Boatswain - Fishing Industry
BAB00191;Boatswain - Merchant Marine
BAB00192;Boatswain\'s Mate
BAB00193;Bodyguard
BAB00194;Boiler - Confectionery etc - Food & Drink
BAB00195;Boiler - Fruit & Veg. - Food & Drink
BAB00196;Boiler - Meat, Fish etc - Food & Drink
BAB00197;Boiler Cleaner
BAB00198;Boiler Operator - Electrical Supply
BAB00199;Boiler Operator - Water Supply Industry
BAB00200;Boiler Operator/Fireman
BAB00201;Bomb Disposal - Elsewhere
BAB00202;Bomb Disposal - Mainland Britain
BAB00203;Book Illustrator
BAD03032;Book Seller
BAB00205;Bookbinder
BAB00204;Book-Keeper
IQ0103;Book-Keeper (self-employed)
BAB00206;Bookmaker - On course
BAB00207;Bookmaker - Shop Manager
BAB00208;Bookmaker - Shop Owner
BAB00209;Bookmaker - Shop Staff
BAB00210;Boom Operator
BAB00212;Borer - Mining
BAB00211;Borer - Tunnelling
BAB00213;Borstal Matron
BAB00214;Bosun (Third Hand)
BAB00215;Botanist (No overseas field work)
BAB00216;Bottle Washer (hand or machine)
BAB00217;Bottling Machine Attendant
BAB00218;Box Maker
BAD03033;Box Office Cashier
BAD03034;Box Office Clerk
BAB00224;Box Office Manager
BAB00226;Brakesman
BAB00227;Brazer
BAB00228;Bread Baker
BAB00229;Bread Roundsman
BAD03035;Breakdown Recovery Man
BAB00230;Brewer
BAB00231;Brewery Manager
BAB00232;Bricklayer
BAB00233;Bridge Man
BAD03036;Briner
OC3521;Broadcasting and audio-visual technician
BAD03037;Broker - Insurance IFA
BAD03038;Broker - Insurance Non IFA
BAD03039;Broker - Money/investments
BAD03388;Broker - Oil
BAD03040;Broker - Other
BAB00236;Bronzer
BAB00237;Broom/Brush Maker
BAB00238;Buffet Car Attendant
BAC02621;Builder 
OC7411;Building and related electrician
OC2161;Building architect
OC5153;Building caretaker
OC9313;Building construction labourer
OC7119;Building frame and related trades worker
BAB00239;Building Inspector
BAC02623;Building Site Agent - Building and construction
BAD03041;Building Society worker 
OC7133;Building structure cleaner
BAB00241;Building Surveyor
BAB00243;Bulldozer Driver
BAD03042;Bunker Control man
BAC02625;Burglar Alarm Fitter
BAB00250;Bus Conductor (No driving)
BAB00251;Bus Driver
BAB00252;Bus Inspector
BAB00253;Business Consultant
OC3339;Business services agent
OC1219;Business services and administration manager
BAB00255;Butcher
BAC02627;Butcher Shop Proprietor 
BAB00256;Butler
BAB00257;Butter Blender
BAB00258;Butter Maker
OC3323;Buyer
BAC02628;Buyer - retail
BAD03044;Buyer - stocks and shares
CAB00259;Cabin Boy
CAB00260;Cabinet Maker
CAB00261;Cable Former
CAB00262;Cable Hand
CAB00263;Cable Jointer
CAB00264;Cable Laying Diver
CAB00265;Cable Tester
CAB00266;Cafe Cashier
CAC02629;Cafe Manager
IQ0104;Cafe Proprietor
CAD03046;Café Worker
CAB00270;Calibrator
CAD03047;Call Centre Manager
CAD03048;Call Centre Worker
CAB00271;Caller
CAC02630;Calligrapher
CAC02631;Camera Repair Technician
CAD03049;Cameraman Outside Work
CAB00273;Cameraman Studio
CAD03050;Cameraman War or Disaster reporting
CAB00275;Candle Maker
CAB00276;Canine Beautician
CAC02632;Canine Behaviourist 
CAB00277;Canning Machine Attendant
CAB00278;Canteen Assistant
CAB00279;Canteen Manager
CAB00280;Canvasser
CAB00282;Captain - Merchant Marine
CAB00281;Captain - Oil & Natural Gas Industries 
CAB00284;Car Delivery Driver
CAC02633;Car Hire Company Proprietor (admin. and driving)
CAB00285;Car Lasher
CAB00286;Car Park Attendant
CAC02634;Car Rental Company Manager
CAD03051;Car Rental Company Worker
IQ0105;Car Salesman
CAB00289;Car Valeter
CAB00306;Car Wash Attendant
CAD03052;Caravan Site Manager
CAD03053;Caravan Site Staff
CAB00290;Carbon Printer
CAB00291;Carbonation Man
CAB00292;Carboniser
CAB00293;Care Assistant
CAC02635;Care Worker - Residential 
CAC02636;Careers Advisor 
CAB00294;Caretaker, Janitor
CAB00295;Cargo Clerk
CAB00296;Cargo Superintendent
CAB00297;Carpenter - Construction Industry
CAB00298;Carpenter - Film Industry - Entertainment
CAB00299;Carpenter & Joiner
CAC02637;Carpet Cleaner
CAC02638;Carpet Company director (office based admin. only)
CAC02639;Carpet Designer 
CAB00300;Carpet Fitter
CAC02640;Carpet Salesman 
CAC02642;Carpet Shop Assistant
CAC02643;Carpet Shop Manager (admin.) 
CAC02644;Carpet Shop Owner (no manual duties) 
CAB00302;Carriage Cleaner
CAB00301;Carriage Examiner
CAB00303;Cartographer
CAB00304;Cartoonist
CAB00305;Cartridge Filler
CAC02645;Cashier - Bank, Building Society
CAC02646;Cashier - Shop, cafe, supermarket, bingo
OC5230;Cashier and ticket clerk
CAB00309;Casino Cashier
IQ0003;Casino Manager/Casino Operator
CAB00310;Caster
CAB00311;Casting Director
CAB00312;Casting Machine Operator
CAC02647;Caterer - offshore/at sea
CAC02648;Catering Assistant
CAC02649;Catering Manager
CAB00317;Cathead Man
CAD03054;Caulker
CAD03055;CC TV Installer/Maintenance - 40 ft and over
CAD03056;CC TV Installer/Maintenance - under 40 ft
CAB00323;Ceiling Fixer
CAB00324;Cell Tester
OC8114;Cement, stone and other mineral products machine operator
CAB00325;Cementer
CAD03057;Cemetery Worker
CAB00326;Ceramicist
CAB00328;Chain Maker
CAB00329;Chair Maker
CAC02653;Chambermaid - Housekeeper
CAB00330;Charge Nurse
CAD03058;Charity Worker - Admin Only
CAD03391;Charity Worker - Overseas Work
CAD03390;Charity Worker - UK Work
IQ0106;Chartered Accountant (in-house)
IQ0004;Chartered Accountant (self-employed)
CAC02654;Chartered Engineer (some site duties)
CAC02655;Chartered Engineered (admin. only)
CAC02656;Chartered Surveyor (admin only) 
CAC02657;Chartered Surveyor (some site duties)
CAB00332;Chassis Builder
CAB00333;Chauffeur
CAB00336;Chef
OC3111;Chemical and physical science technician
CAB00340;Chemical engineer - offshore
CAD03059;Chemical engineer - UK
CAB00344;Chemical Plumber
CAB00345;Chemical Plumber\'s Mate
OC3133;Chemical processing plant controller
OC8131;Chemical products plant and machine operator
CAD03060;Chemist - industrial
CAD03061;Chemist - retail
OC1341;Child care services manager
OC5311;Child care worker
CAC02658;Child Protection Co-ordinator
CAD03062;Child Support Agency (CSA) worker
CAC02659;Child Welfare Officer
CAB00368;Childminder
CAB00370;Children\'s Inspector
CAB00371;Children\'s Matron
CAC02660;Children\'s Nursery Proprietor
CAC02661;Children\'s Play-group Leader
CAB00372;Chimney Sweep
CAC02662;Chip Shop Owner 
CAD03063;Chip Shop Worker
CAB00373;Chip/Money Changer
CAB00374;Chipper & Painter
CAB00375;Chipper (hand)
CAB00376;Chipping Driver
CAB00377;Chiropodist
CAB00378;Chiropracter
CAC02664;Church Organist 
CAD03064;Cinema Projectionist
CAB00383;Circus Hand
CAD03065;Circus Manager
CAD03066;Civil Engineer
OC9312;Civil engineering labourer
OC3112;Civil engineering technician
CAD03067;Civil Servant
CAB00390;Claims Adjuster
CAB00391;Claims Assessor
CAD03068;Cleaner - commercial premises
CAC02666;Cleaner - domestic premises
CAD03069;Cleaner - industrial 
OC3331;Clearing and forwarding agent
CAB00405;Clergy
CAB00406;Clerical Staff
CAB00407;Clerical Worker
CAB00409;Clerk of Works
OC4229;Client information worker
CAB00412;Cloakroom Attendant - Club/Nightclub - Entertainment
CAB00413;Cloakroom Attendant - Theatre, Ballet etc - Entertainment
CAB00414;Clock & Watch Assembler
CAB00415;Clock/Watch Maker
CAB00416;Clock/Watch Repairer
CAB00417;Cloth Cutter
CAC02671;Clothing Designer
CAB00418;Clown
CAB00419;Club Manager
CAB00420;Club Proprietor
CAB00421;Club Steward
CAD03070;Coach - Sports
CAB00427;Coach Driver
CAB00428;Coach Painter
CAB00431;Coal Cutter Mover
CAB00432;Coal Cutterman
CAB00433;Coal Dry Cleaning Plant Operator
CAB00434;Coal Face Workers
CAB00435;Coal Melter
CAB00436;Coal Merchant - admin only
CAB00437;Coal Merchant - some delivery
CAB00438;Coal Trimmer
CAB00439;Coal Washery Operator
CAB00440;Coal Yard Foreman
CAB00441;Coal Yard Man
CAB00442;Coastguard (Office based)
CAB00443;Coastguard (Otherwise)
OC4413;Coding, proof-reading and related clerk
CAB00444;Coffin Maker
CAB00445;Coil Former
CAB00446;Coil Winder
CAB00447;College Lecturer
CAB00449;Colour Calculator
CAB00450;Colour Matcher
CAB00451;Colour Mixer
CAB00452;Columnist
CAB00453;Comedian
CAB00454;Commentator - no overseas travel etc
CAB00455;Commentator - otherwise
CAB00456;Commercial Diving
CAC02674;Commercial Manager (office sales)
CAB00457;Commercial Pilots
OC3322;Commercial sales representative
CAC02675;Commercial Traveller
CAB00458;Commissionaire
OC0110;Commissioned armed forces officer
CAD03071;Community Development Worker
OC3253;Community health worker
CAB00460;Community Nurse
OC5162;Companions and valet
CAC02678;Company Director (admin. duties only)
CAC02679;Company Secretary
CAB00462;Compass Adjuster
CAC02680;Compliance Manager
CAB00463;Composer
CAB00464;Compositor
CAB00465;Compounder
CAC02681;Computer Analyst
CAC02682;Computer Company Technical Support Manager
OC3513;Computer network and systems technician
OC2523;Computer network professional
CAB00466;Computer Operator
CAC02683;Computer Programmer 
CAB00467;Computer Programmer/Analyst
CAC02684;Computer Salesman (office based) 
CAC02685;Computer Software Manager
CAC02686;Computer Software Salesman (includes travelling) 
CAC02687;Computer Systems Installer
CAC02688;Computer Wirer
CAC02689;Computer Workshop Technical Engineer
CAC02690;Concert Promoter
CAB00468;Concrete Erector - 40\' up
CAB00469;Concrete Erector - up to 40
CAB00470;Concrete Finisher
CAB00471;Concrete Paving Driver
CAB00472;Concrete Shutterer
CAB00473;Concreter
CAB00474;Conductor - Music Industry - Entertainment
CAB00475;Conductor - Train Crew - Railways
CAC02691;Confectioner
OC3332;Conference and event planner
CAC02692;Conference Organising Assistant 
CAC02693;Conference Organising Manager
CAB00476;Conjurer
OC1323;Construction manager
OC3123;Construction supervisor
CAB00478;Construction Work
OC4222;Contact centre information clerk
OC5244;Contact centre salesperson
CAB00480;Contact Lens Technician
CAB00481;Continuity Clerk
CAB00482;Control Engineer
CAD03072;Control Room Operator
CAD03073;Conveyancer
CAD03074;Conveyer Operator
CAB00508;Cook
CAB00514;Cooper
CAB00515;Coppersmith
CAB00516;Copyholder
CAB00517;Copyholder (Newspapers etc)
CAB00518;Copytaster
CAC02695;Copywriter
CAB00519;Core Borer
CAB00520;Core Builder
CAB00521;Coremaker
CAB00522;Coroner
CAB00524;Correspondent - no overseas travel etc - Journalism
CAB00523;Correspondent - no overseas travel etc - Radio & TV - Entertainment
CAB00526;Correspondent - otherwise - Journalism
CAB00525;Correspondent - otherwise - Radio & TV - Entertainment
CAB00527;Costermonger
CAB00528;Costume Designer
CAC02696;Costumier
CAB00529;Counsellor
CAB00530;Counter Staff - Dry Cleaning
CAB00531;Counter Staff - Laundry
CAB00532;Counter Staff - Post Office/Telecommunications
CAC02697;Couriers
CAB00533;Court Bailiff
CAB00534;Court Usher
CAB00535;Crab Fisherman
OC7549;Craft and related worker  
CAB00542;Crane Erector
CAD03075;Crane Operator
CAD03076;Crane Slinger
OC2659;Creative and performing artist  
CAC02698;Credit Agent
OC3312;Credit and loans officer
CAC02699;Credit Controller
CAB00559;Critic
OC9211;Crop farm labourer
CAD03077;Crop Sprayer - on ground
CAD03078;Crop Sprayer - pilot
CAB00562;Crossing Keeper
CAB00563;Croupier
CAB00566;Crushing Worker
CAB00567;Curator - Zoo
CAC02700;Curator (museum) 
CAB00568;Curer
IQ0107;Currency Trader/Exchange
CAC02701;Customer Care Officer
CAD03079;Customer Service Staff
OC3351;Customs and border inspector
CAD03080;Customs and Excise
CAD03081;Cutter
CAD03082;Cutting Machine Operator
DAC02702;Dairyman
OC7513;Dairy-products maker
DAB00582;Dancer
DAC02703;Dancing Teacher 
DAD03084;Data Controller
DAD03085;Data Inputter
OC2529;Database and network professional  
OC2521;Database designer and administrator
DAD03086;Dealer - money/shares/investment
DAB00585;Debt Collector
DAB00586;Deck Chair Attendant
DAB00587;Deck Hand
DAB00589;Deck Officer
DAC02706;Decorator
OC6223;Deep-sea fishery worker
DAB00593;Delivery Driver
DAB00594;Demolition Worker-no explosives
DAB00595;Demolition Worker-using explosives
DAD03087;Demonstrator 
DAB00598;Dental Assistant
DAC02707;Dental Auxiliary
DAB00599;Dental Consultant
DAB00600;Dental Hygienist
DAB00601;Dental Nurse
DAB00602;Dental Practitioner
DAD03088;Dental Receptionist
DAB00603;Dental Technician
DAB00604;Dental Therapist
DAB00605;Dentist
DAD03089;Department Store Manager 
DAD03090;Department Store worker
DAC02708;Dermatologist
DAD03091;Design cutter
DAB00612;Designer
DAB00616;Detention Centre Warden
DAD03092;Diamond workers
DAB00626;Die Cutter
DAB00627;Die Setter
DAB00629;Diesel Locomotive Fitter
DAC02709;Dietician
DAB00631;Dining Car Attendant
DAD03093;Dinner Lady
DAD03375;Director - Company - admin only
DAD03376;Director - Company - other
DAD03377;Director - Managing - admin only
DAD03378;Director - Managing - other
DAD03379;Director - Musical
DAD03380;Director - Other
DAD03381;Director - Sales - management only
DAD03386;Director - Sales - some selling
FAC02771;Director - TV and film
DAC02710;Director & Medical Consultant
DAB00637;Disc Jockey
DAB00638;Disinfecting Officer
DAB00639;Disinfestor
DAC02711;Dispatch Rider
DAB00640;Dispatcher
OC3254;Dispensing optician
DAC02712;Distiller
DAB00641;Distillery Manager
DAB00642;District Nurse
DAC02713;Diver
DAC02714;Diver (North Sea)
DAB00643;Diver\'s Linesman -Coastal etc
DAB00644;Diver\'s Linesman -Deep Sea
DAB00647;Dock Foreman
DAB00648;Dock Master
DAB00649;Dock Superintendent
DAB00650;Docker
DAB00651;Doctor - Health
DAB00652;Doctor - Merchant Marine
DAC02715;Dog Catcher 
DAB00655;Dogger
DAB00656;Domestic Electrician
OC5152;Domestic housekeeper
DAB00657;Domestic Premises Cleaner
DAB00658;Domestic Supervisor (Hospital)
DAC02716;Domestic Tiler
DAB00659;Donkeyman
DAB00660;Door to Door Salesman
DAD03094;Doorman
DAC02717;Double Glazing - Installer/fitter 
DAC02719;Double Glazing Surveyor 
DAD03095;Drainage Layer/Clearer
DAC02720;Draper
DAB00665;Draughtsman
DAB00666;Drawer (Bar, Plate, Rod, etc)
DAB00667;Drayman
DAB00668;Dredger Driver
DAB00669;Dredgerman
DAB00672;Dresser
DAB00673;Dressmaker
DAD03096;Drier
DAD03097;Driller - offshore
DAD03098;Driller - onshore
DAD03099;Driver - construction
DAD03100;Driver - delivery
DAD03101;Driver - HGV
DAD03102;Driver - industrial plant
DAD03103;Driver - PSV
DAC02724;Driver - refuse
DAC02725;Driver - tractor
OC9332;Drivers of animal-drawn vehicles and machinery
DAB00699;Driving Examiner
DAB00700;Driving Instructor
DAB00701;Drop Ball Operator
DAB00702;Dry Cleaning Machine Operator
DAB00703;Dry Salter
DAB00708;Dustman/Refuse Collector
DAB00710;Dyer
OC2342;Early childhood educator
OC8342;Earthmoving and related plant operator
EAD03104;Ecological Consultant Outside UK
EAD03105;Ecological Consultant UK
EAB00712;Economist
EAD03106;Editor
EAD03107;Editorial Assistant
EAD03108;Education Assistant
OC1345;Education manager
OC2351;Education methods specialist
EAC02729;Educational Advisor 
EAB00715;Effluent Inspector
EAB00716;Electric Logger
OC8212;Electrical and electronic equipment assembler
EAB00717;Electrical Contractor
EAD03109;Electrical Engineer
OC3113;Electrical engineering technician
EAB00722;Electrical Fitter
OC7413;Electrical line installer and repairers
OC7412;Electrical mechanic and fitter
EAB00724;Electrical Wireman
EAD03110;Electrician - offshore
EAD03111;Electrician UK based - domestic
EAD03112;Electrician UK based - industrial
OC2152;Electronics engineer
OC3114;Electronics engineering technician
EAB00736;Electronics Fitter
EAB00737;Electronics Installer
EAB00738;Electronics Mechanic
EAB00739;Electronics Repairer
EAB00740;Electronics Service Mechanic
EAB00741;Electronics Wireman
EAB00742;Electroplater
EAB00743;Electrotyper
OC9629;Elementary worker  
EAB00744;Embalmer
EAD03113;Embassy Employee
EAB00745;Embroiderer
EAC02740;Employment Agency Owner (admin. only)
EAD03114;Employment Agency worker
EAB00746;Enameller
EAB00747;Engine Driver
EAB00748;Engine Tester
EAD03115;Engineer - admin and site visits only
EAD03116;Engineer - admin only
EAD03117;Engineer - heavy manual
EAD03118;Engineer - light manual 
EAC02742;Engineer - offshore
EAD03120;Engineer - sales
EAD03121;Engineer - works at heights over 40 ft
EAB00762;Engineering Fitter
EAB00764;Engineering Technician
EAD03122;Engraver
OC4225;Enquiry clerk
EAB00770;Enrolled Nurse
EAC02746;Entertainer - Entertainment industry
EAC02747;Entertainment Agent - Entertainment industry
EAC02748;Entertainment Manager - Entertainment industry
EAB00771;Entertainments Officer
OC2263;Environmental and occupational health and hygiene professional
OC3257;Environmental and occupational health inspector and associate
OC2143;Environmental engineer
EAC02749;Environmental Health Officer
OC2133;Environmental protection professional
EAB00772;Equestrian Artiste
EAB00773;Equestrianism - Riding Instructor
EAB00774;Equestrianism - Show Jumping
EAB00775;Equipment Cleaner
EAB00776;Erector - Aircraft/Aerospace
EAB00777;Erector - Production Fitting - Metal Manufacture
EAB00778;Escapologist
EAB00779;Estate Agent
EAC02750;Estate Manager - all aspects (no manual work)
EAB00780;Estate Ranger
EAB00781;Estimator
EAC02751;Estimator (mainly office duties) 
EAB00783;Etcher - Pottery Industry
EAB00782;Etcher - Precious Metals, Engraving etc - Metal Manufacture
EAB00784;Etcher - Printing Industry
EAB00785;Etcher (creative)
EAD03124;Examiner - process
EAB00795;Excavator Driver
EAD03125;Exhaust Fitter
EAB00796;Exhausterman
EAC02752;Exhibition Foreman
EAC02753;Exhibition Space Sales Manager
EAB00797;Exhibition Stand Fitter
EAB00798;Explosives Inspector
EAC02754;Export Agent
EAB00800;Extruder
FAD03126;Fabric Designer
FAD03127;Fabricator - welder/fitter
FAD03128;Facilities Assistant
FAB00803;Facilities Procurement Officer
FAC02755;Factory (worker)
FAB00806;Factory Inspector
FAC02756;Factory Manager (mainly admin.)
FAC02757;Fairground Worker
FAC02760;Farm Manager (manual duties)
FAC02761;Farm Manager (no manual duties) 
FAC02762;Farm Owner (manual duties)
FAC02763;Farm Owner (no manual duties)
FAC02764;Farm Worker/Labourer
OC2132;Farming, forestry and fisheries adviser
FAB00811;Farrier
FAB00812;Fashion Model
FAB00813;Fashion Photographer
FAD03129;Fashion Stylist
OC9411;Fast food preparer
FAD03130;Fast Food Restaurant Assistant
FAC02767;Fast Food Restaurant Manager (admin. only)
FAB00814;Fat Extractor Man
FAC02768;Fencing Contractor
FAB00816;Ferryman
OC8151;Fibre preparing, spinning and winding machine operator
IQ0005;Fiduciary/Trustee
OC6111;Field crop and vegetable grower
FAB00821;Fight Arranger
OC4415;Filing and copying clerk
FAB00823;Film Developer
FAB00824;Film Joiner
FAB00825;Film Processor
OC2654;Film, stage and related director and producer
FAB00827;Filmsetting Machine Operator
OC1211;Finance manager
FAC02774;Financial Adviser
OC2413;Financial analyst
OC1346;Financial and insurance services branch manager
FAD03131;Financial Planner/Paraplanner
FAD03132;Finisher - toys and textiles
FAB00832;Fire Eater
FAB00833;Fire Prevention Officer
FAB00835;Firefighter - Fire Service
FAD03133;Fish and chip shop owner
FAD03134;Fish and chip shop worker
FAB00843;Fish Farmer
FAB00848;Fish Preparer
FAB00849;Fisherman
OC9216;Fishery and aquaculture labourer
FAB00850;Fishery Officer/Warden
FAC02779;Fishmonger
FAC02782;Fitness instructor
FAB00852;Fitter - Motor Vehicle & Cycle Industry
FAB00855;Fitter-Assembler
FAB00858;Fixer Mason
FAB00864;Flame cutter - 40 ft +
FAB00865;Flame cutter - under 40 ft
FAD03135;Flight Attendant
FAB00867;Flight Dispatcher
FAD03138;Flight Operations Manager
FAB00869;Flight Planner
FAB00870;Floor Layer
FAB00871;Floor Manager
FAB00872;Floor Tiler
FAB00873;Floorman
FAC02785;Floorman - Oil Rig Industry 
FAC02786;Florist 
FAB00874;Flour Confectioner
OC7515;Food and beverage taster and grader
OC8160;Food and related products machine operator
OC5246;Food service counter attendant
FAB00876;Food Technologist
FAC02787;Football Manager - Professional players
FAC02788;Forecourt Attendant 
FAD03139;Foreman - heavy manual
FAD03140;Foreman - light manual
FAD03141;Foreman - no manual
FAD03142;Foreman - offshore
FAD03143;Foreman - other
FAB00937;Forest Ranger
FAB00938;Forest Worker
FAB00940;Forestry Officer
OC3143;Forestry technician
FAB00941;Forge Hammerman
FAB00942;Forge Pressman
FAB00943;Forger
FAB00944;Fork Lift Truck Driver
FAB00945;Fortune Teller
FAD03136;Foster Parent
FAB00946;Frame Finisher
FAB00947;Freezer Operator
FAB00948;Freight Clerk
OC9333;Freight handler
FAB00949;Freight Manager - Airport
FAB00950;Freight Manager - Docks
FAB00951;French Polisher
OC7514;Fruit, vegetable and related preserver
FAC02793;Fruitier
FAB00952;Fuel Technologist
OC7544;Fumigators and other pest and weed controller
FAB00953;Funeral Director
FAB00954;Funeral Director\'s Assistant
OC8155;Fur and leather preparing machine operator
FAB00955;Furnace Control Room Operator
FAB00956;Furnace Operator - Cemetery, Crematorium
FAD03137;Furnace Operator - Other
FAB00961;Furniture Designer
FAC02794;Furniture Maker 
FAB00962;Furniture Remover
FAC02795;Furniture Restorer
FAC02796;Furniture Retailer
GAD03150;Gallery Assistant
GAC02797;Gallery Owner (admin. only) 
GAC02798;Gallery Owner (including manual work)
OC3433;Gallery, museum and library technician
GAD03155;Galley Hand
GAB00965;Galvaniser
GAB00966;Gamekeeper
GAB00968;Ganger
GAD03156;Gantry Crane Driver
GAC02800;Garage - Mechanic
GAC02801;Garage - Petrol Pump Attendant
GAC02802;Garage Proprietor - admin only
GAC02803;Garage Repair Shop Supervisor (including manual duties)
OC9611;Garbage and recycling collector
OC9214;Garden and horticultural labourer
GAC02804;Gardener
OC6113;Gardeners, horticultural and nursery grower
OC7532;Garment and related pattern-maker and cutter
GAB00971;Gas Appliance Mechanic
GAB00972;Gas Compressor Operator
GAB00976;Gas Fitter
GAB00979;Gas Meter Tester
GAB00984;Gem Cutter
GAB00985;Gem Polisher
GAB00986;Gem Setter
OC4110;General office clerk
OC2211;Generalist medical practitioner
GAB00987;Geologist - Mining
GAB00989;Geologist - no aerial/offshore etc
GAB00988;Geologist - Oil & Natural Gas Industries 
GAB00990;Geophysicist - Mining
GAB00991;Geophysicist - Oil & Natural Gas Industries 
GAD03145;Glamour Model
OC8181;Glass and ceramics plant operator
GAC02806;Glass Blower
OC7315;Glass maker, cutter, grinder and finisher
GAD03151;Glass Worker
GAB00996;Glazer
GAD03152;Glazier
GAB01000;Gold Beater
GAC02807;Goldsmith
GAB01001;Golf - Caddie
OC3354;Government licensing official
OC3353;Government social benefits official
OC3352;Government tax and excise official
GAB01003;Governor
GAD03146;GP - general practitioner - Doctor
GAB01004;Grader
GAC02808;Grain Merchant (office based)
OC2166;Graphic and multimedia designer
GAC02809;Graphic Designer
GAB01007;Grave Digger
GAD03154;Greaser
GAB01010;Greenkeeper
GAD03144;Grinder
GAC02813;Grocer
GAB01019;Groom
GAB01020;Ground Equipment Service Mechanic
GAB01021;Ground Hostess/Steward
GAB01022;Ground Movement Controller
GAB01023;Groundsman
GAD03147;Groundworker
GAD03148;Guard - railway
GAD03149;Guard - security
GAC02815;Guest House Proprietor
GAC02816;Guest House Proprietor (admin. only) 
GAB01025;Guillotine Operator
GAB01026;Gummer
GAD03153;Gunsmith
HAC02817;Haberdasher 
HAB01028;Hairdresser - Mobile
HAB01029;Hairdresser - Salon
HAC02818;Hairdresser Shop Manager - admin only
HAC02819;Hairdresser Shop Proprietor
HAD03164;Hammerman
OC9331;Hand and pedal vehicle driver
OC9121;Hand launderer and presser
OC9321;Hand packer
OC7319;Handicraft worker  
OC7318;Handicraft worker in textile, leather and related material
OC7317;Handicraft worker in wood, basketry and related material
HAB01037;Handyman
HAB01038;Harbour Master
HAC02820;Harbour Pilot
HAD03157;Hardware Shop Retailer
HAB01041;Harness Maker
HAB01043;Hat Maker
HAB01044;Hatchery Worker
HAC02822;Haulage Contractor
HAB01046;Haulier (no driving)
HAB01047;Head Gardener
HAB01048;Head Groundsman
HAB01049;Head Keeper - Zoo
HAB01050;Head Roustabout
HAC02823;Headteacher
HAC02824;Health & Safety Officer 
HAC02825;Health and Fitness Club Manager (admin. only)
HAC02826;Health and Fitness Club Trainer 
OC3259;Health associate professional  
OC5321;Health care assistant
HAC02827;Health Counsellor
OC2269;Health professional  
HAB01053;Health Radiation Monitor
OC1342;Health services manager
HAC02828;Health Visitor
HAC02829;Heating and Ventilating Fitter
HAC02830;Heavy Goods Driver (no loading) UK only 
HAB01064;Heavy Goods Vehicle Driver
OC8332;Heavy truck and lorry driver
HAC02831;Helicopter Engineer 
HAC02832;Helicopter Pilot - Oil Rig Industry 
HAC02833;Helicopter Pilot - Onshore
HAB01066;Historic Building Guide
HAD03162;Hod Carrier - construction
HAB01067;Hoist Driver
HAD03163;Hoist Operator
HAD03165;Holiday Representative
HAC02834;Home Help
OC5322;Home-based personal care worker
HAC02835;Homeless Centre Manager (admin. only) 
HAC02836;Homeopath
HAB01076;Horse Breeder
HAB01077;Horse Racing - Flat Jockey
HAB01078;Horse Racing - National Hunt
HAC02837;Horticulturist
HAB01082;Hospital Matron
HAB01084;Hospital Porter - Health
HAB01085;Hospital Storeman
HAB01086;Hospital Ward Orderly
HAB01087;Hostel Matron
HAB01088;Hostel Warden
HAB01089;Hostess
HAD03166;Hotel Concierge
HAB01090;Hotel Detective
HAB01091;Hotel Doorman
HAB01092;Hotel Maid
HAC02838;Hotel Manager (office based) 
HAB01094;Hotel Porter
HAB01095;Hotel Proprietor
HAB01096;Hotel Receptionist
OC7111;House builder
HAB01097;House Maid
HAB01098;Housekeeper
HAB01099;Housewife/House-Husband
HAC02839;Housing Association Development Manager (inc. site visits)
HAB01100;Housing Inspector
HAC02840;Housing Manager 
OC1212;Human resource manager
HAD03158;Human Resources Advisor
HAD03159;Human Resources Analyst
HAD03161;Human Resources Assistant
HAD03386;Human Resources Consultant
HAD03387;Human Resources Officer
OC6224;Hunters and trapper
HAD03160;Hydro-Extractor Operator
HAC02841;Hydrographic Engineer/Surveyor
HAC02842;Hygienist
HAB01104;Hypnotherapist
HAB01105;Hypnotist
IAB01106;Ice Cream Van Driver
IAB01110;Illusionist
IAC02846;Illustrator 
IAD03175;Immigration Officer - admin only
IAD03177;Immigration Officer - otherwise
IAB01111;Impersonator
IAB01112;Importer
IAB01114;Incinerator Operator
IAD03171;Independent Financial Adviser - IFA
OC2141;Industrial and production engineer
IAD03173;Industrial Chemist
IAC02847;Industrial Designer
IAC02848;Industrial Relations Officer
IAC02849;Industrial Trainer
OC7422;Information and communications technology installer and servicer
OC3511;Information and communications technology operations technician
OC2434;Information and communications technology sales professional
OC1330;Information and communications technology service manager
OC3512;Information and communications technology user support technician
OC2356;Information technology trainer
OC6222;Inland and coastal waters fishery worker
IAB01118;Inseminator
IAD03178;Inspector (not police)
IAD03179;Instructor - aviation, diving, etc
IAD03180;Instructor - no special risks
IAC02851;Instrument Maker
IAC02852;Instrument Repairer 
IAD03167;Insulator - asbestos work inc
IAD03168;Insulator - no asbestos work
IAB01154;Insurance Agent
IAB01155;Insurance Assessor
IAB01156;Insurance Broker
IAB01157;Insurance Inspector
OC3321;Insurance representative
IAC02853;Interior Designer
IAD03169;Internal Auditor
IAB01158;Interpreter
IAC02854;Investment Analyst
IAB01163;Ironer
IAD03170;IT Analyst
IAD03172;IT Manager - admin only
IAD03174;IT Programmer
IAD03176;IT Technician
JAC02855;Janitor
JAB01167;Jetty Hand
JAC02856;Jeweller
JAB01168;Jewellery Enameller
JAB01169;Jewellery Making & Repair
JAB01170;Jewellery Mounter
JAB01173;Joiner - Construction Industry
JAB01174;Joiner - Ship Building, Ship Repair & Marine Engineering
JAB01175;Jointer
JAB01176;Journalist - no overseas travel etc
JAB01177;Journalist - otherwise
JAB01178;Judge
JAB01179;Judge\'s Clerk
JAB01180;Juggler
JAD03181;Justice of the Peace
KAD03182;Kebab Van Vendor
KAB01181;Keeper - Zoo
KAC02857;Kennel Hand 
KAB01184;Kerb Layer
KAD03183;Key Cutter
KAB01185;Keyboard Operator (type setting)
KAB01186;Kiln Attendant
KAB01187;Kiln Operator
KAB01192;Kitchen Porter
KAC02858;Kitchen Staff
KAB01194;Knife Thrower
KAB01195;Knitter
LAB01196;Labeller
LAC02859;Laboratory Manager (supervisory and some testing)
LAC02860;Laboratory Technician
LAD03184;Labourer
LAB01246;Lagger
LAB01249;Laminator
LAB01251;Land Agent
LAB01252;Land Drainage Worker
LAB01253;Land Surveyor
LAD03189;Landlord (Property -inc manual work)
LAC02864;Landlord (Property -no manual work )
OC2162;Landscape architect
LAB01254;Landscape Gardener
LAB01255;Landscape Painter
LAD03191;Lathe Operator
LAB01259;Launderette Assistant
OC8157;Laundry machine operator
LAB01261;Laundryman
LAB01262;Lavatory Attendant
IQ0108;Lawyer (in-house)
IQ0109;Lawyer (self-employed)
LAB01265;Leading Fireman
LAB01268;Leather Technologist
LAD03195;Leather worker
LAB01269;Lecturer
LAB01271;Left Luggage Attendant
LAC02869;Legal Adviser
OC3411;Legal and related associate professional
LAC02870;Legal Executive 
LAD03185;Legal Practice Manager
OC2619;Legal professional  
LAD03187;Legal Secretary
OC1111;Legislator
LAC02872;Letting Agent - Holiday homes
LAB01275;Librarian
LAC02874;Library Assistant
LAD03190;Life Coach
OC3141;Life science technician (excluding medical)
LAC02875;Lifeboatman - Crew 
LAB01276;Lifeboatman (enrolled crew)
LAB01277;Lifeguard
LAB01278;Lift Attendant
LAC02876;Lift Engineer
LAC02877;Lift Erector
OC8344;Lifting truck operator
LAB01280;Light Goods Vehicle Driver
LAD03188;Lighterman
LAB01284;Lighting Manager
LAB01285;Lighting Technician
LAD03192;Linesman
LAB01289;Linesman\'s Mate
LAC02878;Liquidator
LAB01293;Literary Agent
LAC02879;Lithographer
LAB01294;Lithographic Assistant
LAB01295;Lithographic Plate Grainer
LAB01296;Lithographic Plate Preparer
OC6121;Livestock and dairy producer
OC9212;Livestock farm labourer
LAD03193;Loader
LAD03194;Loader Operator
LAB01306;Lobster Fisherman
LAB01307;Local Government Officer
LAC02880;Local Newspaper Editor
LAB01309;Lock Keeper
LAB01311;Locksmith
LAB01312;Locomotive Driver
LAB01313;Locomotive Guard
SAB02293;Lollipop Man/Lady
LAB01315;Loss Adjuster
LAB01317;Lumberjack
MAB01318;Machine Attendant
MAB01319;Machine Maintenance Worker
MAD03224;Machine Operator - processing
MAB01358;Machine Tool Setter-Operator
MAB01363;Machinery Electrician
MAD03201;Machinist
MAD03204;Magazine Editor
MAD03207;Magazine Illustrator 
MAD03211;Magazine Writer
MAB01367;Magician
MAC02881;Magistrate - Stipendiary
OC4412;Mail carrier and sorting clerk
MAC02882;Mail Sorter 
MAD03198;Maintenance Fitter
MAD03202;Maintenance Manager
MAB01377;Maintenance Repairer
MAD03216;Maintenance Technician
MAD03221;Maitre d\'Hotel
MAB01390;Make-up Artist
MAB01393;Malt Roaster
MAB01394;Maltster
OC2421;Management and organization analyst
MAB01395;Management Consultant - Usually
MAD03208;Manager - admin only
MAD03212;Manager - heavy manual work
MAD03217;Manager - light manual work
MAD03222;Manager - Offshore
MAD03225;Manager - other
MAD03228;Manager - Retail
MAD03230;Manager - Sales
MAB01436;Manager (off site)
MAD03232;Managing Director - admin/office based only
MAD03233;Managing Director - heavy manual duties
MAD03234;Managing Director - light manual duties
MAD03235;Managing Director - Other
MAD03236;Managing Director - Retail
MAD03237;Managing Director - Sales Management
MAD03238;Managing Director - Selling
OC1120;Managing director and chief executive
MAD03239;Manhole Maker
MAB01451;Manicurist
OC9329;Manufacturing labourer  
OC1321;Manufacturing manager
OC3122;Manufacturing supervisor
MAD03197;Marine Biologist
MAB01453;Marine Engineer
MAB01454;Marine Installation Fitter
MAB01456;Marine Surveyor
MAB01459;Market Gardener
MAD03226;Market or Street Trader
MAC02885;Market or Street Traders Assistant
MAB01460;Market Porter - Usually
MAB01461;Market Research Analyst
MAB01462;Market Research Interviewer
MAC02887;Market Researcher - Street research
MAC02886;Market Researcher (office based) 
MAC02888;Marketing Consultant - International 
MAC02889;Marketing Manager
MAC02890;Marketing Research Manager (office based)
MAD03196;Marriage Guidance Counsellor
MAB01464;Martial Arts Instructor
MAB01465;Mason
MAB01466;Mason Bricklayer
MAB01467;Mason\'s Labourer
MAB01468;Masseur
MAB01469;Masseuse
MAB01476;Mate, Second Hand
MAC02891;Mathematician
MAB01478;Mattress Maker
MAB01482;Meat Cutter
MAB01483;Meat Inspector
MAB01484;Meat Trimmer
MAD03205;Mechanic
MAD03209;Mechanic - Oil Rig
MAD03213;Mechanical Engineer
OC3115;Mechanical engineering technician
OC8211;Mechanical machinery assembler
OC3214;Medical and dental prosthetic technician
OC3212;Medical and pathology laboratory technician
OC3256;Medical assistant
OC3211;Medical imaging and therapeutic equipment technician
MAB01496;Medical Practitioner
MAD03214;Medical Receptionist
OC3252;Medical records and health information technician
MAD03218;Medical Secretary
MAB01497;Medium
MAB01499;Member of Parliament, Politician
MAC02896;Messenger - Motorcycle
MAC02897;Messenger - Not motorcycle
OC8122;Metal finishing, plating and coating machine operator
OC7211;Metal moulders and coremaker
OC7224;Metal polisher, wheel grinder and tool sharpener
OC8121;Metal processing plant operator
OC3135;Metal production process controller
OC7223;Metal working machine tool setter and operator
MAB01503;Metallographer
MAB01504;Metallurgist
MAB01505;Meteorologist
MAD03210;Meter Collector
MAD03215;Meter Fixer/Tester
MAD03219;Meter Reader
MAB01515;Microfilm Operator
MAC02901;Midwife 
OC3222;Midwifery associate professional
OC2222;Midwifery professional
MAB01516;Milk Roundsman
MAB01517;Milker
MAD03220;Miller
MAD03223;Milliner
MAC02902;Miner
OC8112;Mineral and stone processing plant operator
MAD03199;Mineralogist
MAC02903;Mini Cab Driver 
OC3117;Mining and metallurgical technician
OC9311;Mining and quarrying labourer
MAB01529;Mining Engineer
OC1322;Mining manager
MAB01530;Mining Officer
OC3121;Mining supervisor
MAB01531;Mining Surveyor
MAC02904;Minister of Religion
MAB01532;Missionary
OC6130;Mixed crop and animal producer
OC9213;Mixed crop and livestock farm labourer
OC6114;Mixed crop grower
MAD03200;Mixer - processing
MAD03203;Mobile Crane Driver
OC8341;Mobile farm and forestry plant operator
MAC02905;Model Maker 
MAB01546;Money Broker
MAB01548;Mortuary Attendant
MAC02906;Motor Bike Instructor
MAB01551;Motor Cycle Courier
MAC02907;Motor Cycle Messenger
MAC02908;Motor Fleet Manager 
MAC02909;Motor Service Manager - admin only
OC7231;Motor vehicle mechanic and repairer
IQ0110;Motor Vehicle Trader/Saleman
OC8321;Motorcycle driver
MAD03227;Motorman
MAD03229;Mould Maker
MAD03231;Moulder
MAB01564;Mud Engineer
MAB01565;Mud Logger
MAB01566;Mud Man
MAB01568;Museum Attendant
MAB01569;Museum Curator
MAB01570;Museum Guide
MAB01571;Music Teacher (Private)
MAB01573;Musical Instrument Maker
MAB01574;Musical Instrument Repairer
MAD03206;Musician - Professional
OC2652;Musician, singer and composer
NAD03243;Nail Technician/Beautician
NAC01811;Nanny
NAD03240;Nature Reserve Worker/Warden
NAB01575;Navigator
NAB01578;News Photographer - no overseas travel etc
NAB01579;News Photographer - otherwise
NAC01812;Newsagent (not delivering papers)
NAC01814;Newspaper Reporter - Freelance
NAB01580;Newsreader
NAB01581;Newsvendor
NAD03241;NHS Manager
NAD03242;Night Watchman
OC0210;Non-commissioned armed forces officer
NAB01587;Nuclear Engineer
NAD03244;Nuclear Plant Attendant
NAB01591;Nuclear Scientist
NAB01592;Nurse
NAB01597;Nurse - Midwife
NAD03245;Nurse - Sister
NAB01598;Nurse - Teaching duties only
NAD03246;Nursery School Assistant
NAB01599;Nurseryman
OC3221;Nursing associate professional
NAB01600;Nursing Auxiliary
NAC01817;Nursing Home Proprietor (admin. only)
OC2221;Nursing professional
OAC01818;Obstetrician
OAB01601;Occupational Therapist
OAD03247;Oceanographer
OC9622;Odd job person
OAB01604;Office Clerk
OAB01605;Office Fitter
OAB01606;Office Messenger
OAB01608;Office Receptionist
OC3341;Office supervisor
OAD03251;Off-Licence Employee
OAB01602;Off-Licence Manager
OAD03248;Oiler and Greaser
OAB01612;Old People\'s Home Matron
OAB01613;Old People\'s Home Warden
OAC08123;Operations Manager - Light engineering company
OAB01616;Operations Officer
OAB01617;Optical Instrument Fitter
OAB01618;Optical Instrument Maker
OAB01619;Optical Instrument Mechanic
OAB01620;Optical Instrument Repairer
OAB01621;Optical Printer
OAB01622;Optician
OAC01826;Opticians Assistant 
OC2267;Optometrist and ophthalmic optician
OAB01625;Orchestrator
OAB01628;Orthodontic Technician
OAB01629;Orthodontist
OAC01827;Orthopaedic Surgeon 
OAB01630;Orthoptist
OAB01631;Osteopath
OC3435;Other artistic and cultural associate professional
OC2355;Other arts teacher
OC9129;Other cleaning worker
OC2353;Other language teacher
OC2354;Other music teacher
OAD03249;Outdoor Pursuits Centre Instructor
OAD03250;Ovensman
OAB01637;Overhead Crane Driver
OAB01638;Overhead Linesman
OAB01639;Overhead Linesman\'s Mate
OAB01643;Oyster Fisherman
PAD03258;P E Teacher
PAB01644;Packaging Machine Attendant
PAD03261;Packer
OC8183;Packing, bottling and labelling machine operator
PAC01828;Painter
PAB01665;Painter - Woodworking Industry
PAB01666;Painter & Decorator (Interior)
PAB01668;Painter (Exterior) - 40\' up
PAB01669;Painter (Exterior) - up to 40\'
PAD03272;Panel Beater
PAB01673;Paper Maker (hand)
PAB01674;Paper Merchant
OC8143;Paper products machine operator
PAB01676;Paramedic (Driver)
PAB01677;Paramedic (No driving)
PAB01678;Park Keeper
PAB01679;Park Ranger
PAB01680;Parks Superintendent
PAB01681;Parliamentary Agent
PAC01832;Party Organiser 
PAB01682;Passenger Officer
PAB01685;Pasteuriser
PAB01687;Patent Agent
PAB01688;Pathologist
PAB01691;Pattern Maker - Metal, Plastic etc
PAB01692;Pavior
PAC01834;Pawnbroker
OC4313;Payroll clerk
PAB01693;Pedicurist
OC7535;Pelt dresser, tanner and fellmonger
PAD03259;Personal Assistant (PA)
OC5329;Personal care worker in health services  
OC5169;Personal services worker  
OC2423;Personnel and careers professional
OC4416;Personnel clerk
PAB01696;Pest Control Manager
PAB01697;Pest Control Operator
OC5164;Pet groomer and animal care worker
PAB01699;Petrol Pump Attendant
OC3134;Petroleum and natural gas refining plant operator
OC3213;Pharmaceutical technician and assistant
PAB01701;Pharmacist
PAB01702;Pharmacologist
PAB01703;Pharmacy Assistant
OC2633;Philosopher, historian and political scientist
PAC01844;Phlebotomist
PAD03383;Photocopier Engineer
PAB01704;Photocopying Machine Operator
PAC01845;Photographer
PAC01846;Photographer - Aerial
PAB01705;Photographic Finisher
PAB01706;Photographic Model
PAB01707;Photographic Mounter
OC8132;Photographic products machine operator
OC3119;Physical and engineering science technician  
PAB01708;Physician
PAB01709;Physicist
PAB01710;Physiotherapist
OC3255;Physiotherapy technician and assistant
PAB01711;Piano/Organ Tuner
PAB01712;Pickler
PAC01848;Picture Framer
PAB01713;Pier Master
PAB01714;Pile Driver
PAB01715;Pilot
PAD03263;Pipe Fitter
PAD03264;Pipe Jointer
PAD03268;Pipe Layer
PAB01729;Pipe/Powerline Survey Work
PAB01731;Pitch Melter
PAD03253;Planning Engineer
PAB01735;Planning Inspector
PAB01736;Plant Attendant
PAC01849;Plant Hire Manager (some manual work)
PAC01850;Plant Hire Owner (some manual work) 
PAC01851;Plant Hire Proprietor (admin. only) 
PAD03254;Plant Operator
PAB01747;Plasterer
PAB01748;Plastic Coating Operator
OC8142;Plastic products machine operator
PAB01752;Plate Cutter
PAB01753;Plate Moulder
PAB01754;Plate Separator
PAB01755;Platelayer
PAB01756;Plateman
PAB01757;Plater - Aircraft/Aerospace
PAB01758;Plater - Motor Vehicle & Cycle Industry
PAB01759;Plater - Ship Building, Ship Repair & Marine Engineering
PAB01760;Plater (including Boiler)
PAD03252;Playschool/Group Worker/Leader
PAB01761;Playwright
PAB01762;Plumber - Construction/Industrial
PAC01852;Plumber - Domestic
PAB01765;Pneumatic Drill Operator
PAB01766;Poet
PAB01767;Pointsman
PAB01768;Police
PAB01773;Police Frogman
OC3355;Police inspector and detective
OC5412;Police officer
OC2422;Policy administration professional
OC1213;Policy and planning manager
PAD03260;Politician 
PAB01777;Pollution Inspector
PAB01780;Pop Musician
PAB01781;Pop Singer
PAB01782;Port Control Signalman
PAB01783;Port Health Inspector
PAB01785;Porter - Meat, Fish etc - Food & Drink
PAB01786;Porter - Station Personnel - Railways
PAB01787;Portrait Painter
PAB01788;Portrait Photographer
PAC01853;Postal Courier Driver
PAC01854;Postal Courier Manager 
PAB01790;Postman
PAB01789;Postman (no driving)
PAB01791;Pot Fisherman
PAB01792;Potman
PAB01793;Potter
PAB01794;Poultry Dresser
PAB01795;Poultry Plucker
OC6122;Poultry producer
PAB01797;Poultryman
PAB01798;Power Loader Man
PAB01799;Power Loader Operator
OC3131;Power production plant operator
PAB01800;Power Station Charge Engineer
PAB01801;Power Station Manager
PAB01802;Power Station Superintendent
PAC01857;PR Executive
PAC01858;Practice Manager
IQ0111;Precious Metal Trader
PAB01806;Precision Instrument Fitter
PAB01807;Precision Instrument Maker
PAB01808;Precision Instrument Repairer
PAB01809;Preparer
OC7321;Pre-press technician
PAB01810;Press Cutter
PAB01811;Press Officer
PAD03255;Press Operator - processing
PAB01814;Press Tool Setter
PAB01817;Presser - Fruit & Veg. - Food & Drink
PAB01818;Presser - Laundry
PAB01819;Priest
OC2341;Primary school teacher
OC7323;Print finishing and binding worker
PAB01821;Printer
PAC01860;Printing Director (purely admin.)
OC5413;Prison guard
PAB01826;Prison Officer
PAB01827;Private Detective
PAB01831;Probation Officer
OC3139;Process control technician  
PAD03256;Process worker
PAD03257;Producer - TV/film/theatre
OC2163;Product and garment designer
OC7543;Product grader and tester (excluding foods and beverages)
OC4322;Production clerk
PAB01868;Production Manager
OC1349;Professional services manager  
PAC01865;Professional Sportsperson
PAC01866;Project Co-ordinator
PAD03266;Project Manager/Programme Manager
PAB01899;Projectionist
PAB01900;Prompter
PAB01901;Proofer
PAC01867;Property & Estate Manager
PAD03271;Property Developer (no manual work)
PAB01902;Property Manager
PAB01905;Proprietor
OC5419;Protective services worker  
PAB01906;Psychiatrist
PAB01907;Psychologist
PAC01870;Psychotherapist 
PAC01871;Public Hall Bookings Office Manager 
PAB01909;Public Health Inspector
PAB01910;Public House Manager (salaried)
PAB01911;Public Lighting Fitter-Erector
PAB01913;Public Relations Officer
OC2432;Public relations professional
PAB01915;Publican
PAB01916;Publisher
OC8171;Pulp and papermaking plant operator
PAD03267;Pumpman
PAB01923;Puppeteer
PAC01872;Purchasing Officer/Manager (not retail)
PAB01924;Purifier Man
PAB01925;Purser
PAB01927;Pusherman
QAD03273;Quality Control Engineer
QAD03274;Quality Control Inspector
QAB01930;Quantity Surveyor
QAB01931;Quarry Manager
QAC01874;Quarryman
QAB01933;Quartermaster
QAB01934;Queen�s Counsel
RAB01935;Rabbi
RAD03278;Racetrack Steward
RAB01936;Radar Controller/Operator
RAB01937;Radar Observer
RAC01877;Radio and TV Repairer
RAB01942;Radio Station Manager
RAB01943;Radio/Radar Operator
RAC01875;Radio/TV Announcer/Presenter
RAC01876;Radio/TV Director/Producer
RAB01947;Radiographer - Health
RAB01948;Radiologist
RAD03281;Radiotherapist
RAB01950;Rag & Bone Dealer
OC8312;Railway brake, signal and switch operator
RAB01959;Receptionist
RAC01881;Record Producer - Entertainment Industry
RAB01960;Recording Engineer
RAD03275;Recruitment Consultant
RAB01961;Rector
RAB01963;Reflexologist
RAC01882;Refuse Collector
OC9612;Refuse sorter
RAB01964;Registrar
OC3359;Regulatory government associate professional  
RAC01883;Reinsurance Broker
RAD03277;Relationship Manager
OC3413;Religious associate professional
OC2636;Religious professional
RAB01967;Rent Collector
RAB01973;Reporter/Writer - no overseas travel etc
RAB01974;Reporter/Writer - otherwise
RAB01975;Rescue Diver
OC1223;Research and development manager
RAC01885;Research Chemist (Managerial)
RAC01886;Research Information Officer (Office based) 
RAC01887;Research Projects Manager (Deals with hazardous substances) 
RAB01976;Research Survey Clerk
RAB01978;Researcher - Journalism
RAB01977;Researcher - Radio & TV - Entertainment
RAB01979;Reservations Clerk
RAB01980;Reservoir Attendant
RAC01888;Residential Care Worker
RAC01890;Residential Home Proprietor (Admin. only)
RAC01891;Residential Home Proprietor (full involvement in caring)
OC1412;Restaurant manager
RAC01892;Restaurant Proprietor - no cooking
RAB01983;Restorer (Paintings)
RAB01984;Restorer (Stone, Brickwork)
OC1420;Retail and wholesale trade manager
RAC01894;Retail Shop Manager 
RAC01895;Retail Shop Manager - admin only
IQ0006;Retail Trader (self-employed)
RAC01896;Retired 
RAC01897;Riding Instructor
RAB01985;Rig Electrician
RAB01986;Rig Maintenance Diver
RAB01987;Rig Mechanic
RAB01988;Rig Medic
RAB01989;Rigger - Docks
RAB01990;Rigger - Film Industry - Entertainment
RAB01991;Rigger - Gas Supply Industry
RAB01994;Rigger - Industrial/Plant Machinery
RAB01992;Rigger - Oil & Natural Gas Industries 
RAB01993;Rigger - Ship Building, Ship Repair & Marine Engineering
RAB01995;Ripper
RAB01996;River Inspector
RAD03279;Riveter
RAB02008;Road Crew Member - \'Roadie\'
RAC01900;Road Manager - Rock band
RAB02010;Road Marker
RAD03384;Road Patrolman 
RAB02013;Road Safety Officer
RAC01902;Road Sweeper - Mechanical
RAB02015;Road Sweeper (hand)
RAB02016;Road Tester - Garage Trade
RAB02017;Road Tester - Motor Vehicle & Cycle Industry
RAD03280;Road Worker/Labourer
RAB02019;Roaster
RAB02020;Rodent Destroyer
RAB02022;Roller Blind Maker
RAD03276;Rollerman 
RAB02032;Roofer - 40\' up
RAB02033;Roofer - up to 40\'
RAC01903;Roofing Inspector (Mostly office based - some estimating)
RAB02035;Rope Maker
RAB02037;Roughneck
RAB02039;Roustabout
RAC01905;Roustabout Pusher - Oil Rig Industry
RAB02043;RSPCA Inspector
RAC01906;Rubber & Plastics Worker
OC8141;Rubber products machine operator
RAB02044;Rubber Technologist
SAB02047;Saddler
SAD03299;Safety Inspector
SAB02048;Safety Officer
SAC01907;Safety Officer - Oil Rig Industry
SAD03300;Sailing Instructor
SAD03305;Salary Administrator
SAC01908;Sales & Marketing Manager
SAD03306;Sales Assistant - retail
OC5242;Sales demonstrator
SAD03312;Sales Executive
SAD03317;Sales Manager
SAD03319;Sales Support Administrator
OC5249;Sales worker  
SAB02050;Salter
SAB02051;Salvage Diver
SAB02052;Salvage Man
SAD03283;Sandblaster
SAC01910;Satellite Aerial Fixer (domestic only)
SAB02056;Saturation Tank Attendant
SAD03296;Saw Doctor or Repairer or Sharpener
SAB02064;Scaffolder
SAD03291;Scaffolder Offshore Oil or Gas
SAB02068;Scene Shifter
SAB02069;Scenery Painter
SAD03313;School Assistant
SAC01912;School Bursar
SAC01913;School Inspector
SAB02074;Scrap Breaker
SAB02076;Scrap Dealer
SAB02079;Screen Printer
SAB02081;Screener - Quarrying
SAB02082;Screenmaker
SAB02084;Screwman
OC4414;Scribe and related worker
SAB02085;Script Writer
SAB02087;Sculptor
SAB02088;Seaman
OC2330;Secondary education teacher
SAD03307;Secretary
OC3311;Securities and finance dealer and broker
SAD03314;Security Consultant
SAB02093;Security Guard
SAD03285;Security Manager
SAB02096;Seismologist
OC1112;Senior government official
OC1114;Senior official of special-interest organization
OC5245;Service station attendant
OC1439;Services manager  
SAD03301;Set Designer
SAB02106;Sewage Works Attendant
SAB02107;Sewage Works Manager
SAB02108;Sewerman
SAC01919;Sewing Machine Mechanic 
SAD03315;Sewing Machinist
OC7533;Sewing, embroidery and related worker
SAB02113;Shaftsman
SAB02114;Sheep Shearer
SAB02115;Sheet Fixer
SAD03294;Sheet Metal Worker
SAC01920;Shelf Filler
SAB02119;Shepherd
SAB02123;Shipping Clerk
SAB02121;Ship\'s Broker
OC8350;Ships\' deck crew and related worker
OC3152;Ships\' deck officer and pilot
OC3151;Ships\' engineer
SAB02127;Shoe Maker
SAB02128;Shoe Repairer
OC8156;Shoemaking and related machine operator
SAB02129;Shop Assistant
SAB02133;Shop Fitter
OC5221;Shop keeper
OC5222;Shop supervisor
SAD03286;Shotblaster
SAD03292;Shotfirer
SAB02145;Shredding Machine Operator
SAB02146;Shunter - Marshalling/Goods Yard - Railways
SAB02147;Shunter - Mining
SAD03302;Sieve Operator - food
SAD03308;Sieve Operator - quarry
SAD03316;Sifter - food
SAD03318;Sifter - quarry
SAB02159;Sign Writer (40\' up)
SAB02160;Sign Writer (no work at heights)
SAB02163;Signalman
SAD03287;Siloman
SAB02167;Siloman - docks
SAB02169;Siloman - quarry
SAC01922;Silversmith 
SAB02171;Sister (Hospital)
SAB02172;Site Agent
SAB02176;Skiing - Snow - Prof Instructor
SAB02177;Skipper
SAB02181;Slate Cutter
SAB02182;Slate Dresser
SAB02183;Slate Splitter
SAB02184;Slater - 40\' up
SAB02185;Slater - up to 40\'
SAB02186;Slaughterer
SAB02187;Slaughterhouse Manager
SAB02188;Sleeping Car Attendant
SAB02189;Sleeve Designer
SAB02190;Smeller
SAB02191;Smith - Gold, Silver etc
SAB02192;Smoker
OC1344;Social welfare manager
OC2635;Social work and counselling professional
OC3412;Social work associate professional
SAB02197;Social Worker
SAB02198;Sociologist
OC2519;Software and applications developer and analyst  
OC2512;Software developer
SAB02199;Solderer
SAB02200;Solicitor (in-house)
IQ0112;Solicitor (self-employed)
SAB02201;Song Writer
SAB02202;Sorter - Dry Cleaning
SAB02203;Sorter - Laundry
SAB02204;Sorter - Post Office/Telecommunications
SAB02205;Sorter (scrap metal)
SAD03295;Sound Balancer
SAD03297;Sound Mixer
SAD03303;Sound Recordist
SAB02212;Sound Technician
SAB02214;Special Air Service (SAS)
SAB02215;Special Boat Service (SBS)
SAB02217;Special Effects Technician
OC2352;Special needs teacher
OC2212;Specialist medical practitioner
SAB02218;Speech Therapist
SAB02219;Spiderman
SAB02220;Spinner
OC3422;Sports coach, instructor and official
SAB02224;Sports Equipment Maker
SAB02225;Sports Equipment Repairer
OC1431;Sports, recreation and cultural centre manager
SAB02226;Spot-Welder
SAD03298;Spray Painter
SAB02235;Stablehand
SAB02236;Staff Nurse
SAB02237;Stage Doorkeeper
SAB02238;Stage Hand
SAD03309;Stage Manager
SAC01928;Stage Technician
OC5211;Stall and market salesperson
SAB02242;Stamper (identification markings)
SAD03284;Station Manager
SAD03288;Station Officer - Fire
OC8189;Stationary plant and machine operator  
SAC01929;Stationer
OC4312;Statistical, finance and insurance clerk
OC3314;Statistical, mathematical and related associate professional
SAB02253;Statistician
OC8182;Steam engine and boiler operator
SAB02254;Steel Erector - 40\' up
SAB02255;Steel Erector - up to 40\'
SAB02258;Steeplejack
SAB02263;Stenographer
SAD03289;Steriliser
SAB02267;Stevedore
SAB02269;Stitcher
OC4321;Stock clerk
SAB02270;Stockbroker
SAB02272;Stockroom Storeman
SAB02273;Stocktaker
SAD03290;Stone Breaker
SAD03293;Stone/Slate Polisher
SAB02284;Stonemason
SAB02285;Store Detective
SAB02286;Storekeeper
SAD03304;Storeman
OC9510;Street and related service worker
OC5212;Street food salesperson
OC9520;Street vendor (excluding food)
SAD03310;Structural Engineer
OC7214;Structural-metal preparer and erector
SAB02298;Student
SAB02301;Stunt Man
SAB02305;Submariner
OC6310;Subsistence crop farmer
OC6340;Subsistence fisher, hunter, trapper and gatherer
OC6320;Subsistence livestock farmer
OC6330;Subsistence mixed crop and livestock farmer
SAB02306;Sugar Beet Cutter/Slicer
SAB02307;Sugar Boiler
SAB02310;Supermarket Cashier
SAD03282;Supermarket Manager
OC1324;Supply, distribution and related manager
SAB02317;Surgeon
SAB02318;Surgery Nurse
SAB02319;Surgery Receptionist
SAB02320;Surgical Appliance Maker
SAC01936;Surgical Shoe Maker 
OC4227;Survey and market research interviewer
SAB02322;Surveyor - Oil & Natural Gas Industries (Exploration & Production)
SAB02323;Surveyor - Ship Building, Ship Repair & Marine Engineering
OC9613;Sweeper and related labourer
SAC01937;Swimming Instructor 
SAB02325;Swimming Pool Attendant
SAB02326;Switchboard Operator
SAB02327;Sword Swallower
OC2522;Systems administrator
OC2511;Systems analyst
SAD03311;Systems Programmer
TAD03338;Tailor
TAD03340;Takeaway Food Shop Assistant
TAD03341;Takeaway Food Shop Manager - no serving
TAB02333;Tamperman
TAB02334;Tank Room Attendant
TAD03327;Tanker Driver
TAD03330;Tanker Filler
TAD03332;Tanner
TAB02338;Tarmac Layer - Construction Industry
TAB02339;Tarmac Layer - Road Maintenance & Construction
TAD03339;Tattoo Artist
TAB02340;Tax Consultant
TAB02341;Tax Inspector
TAC01941;Taxi Business Administrator
TAC01943;Taxi Business Proprietor (no driving)
TAB02342;Taxi Driver
TAB02343;Taxidermist
TAD03325;Teacher
TAC01944;Teaching Assistant
OC2359;Teaching professional  
OC2433;Technical and medical sales professional (excluding ICT)
TAD03328;Technician - admin and site visits
TAD03331;Technician - admin only
TAD03333;Technician - heavy manual
TAD03335;Technician - light manual 
TAB02360;Technician - other
TAC01945;Telecommunication Technical Officer
OC2153;Telecommunications engineer
OC3522;Telecommunications engineering technician
TAB02365;Telegraphist
TAC01946;Telephone Customer Advisor
TAB02366;Telephone Exchange Superintendent
TAB02367;Telephone Fitter
TAB02368;Telephone Operator
TAB02369;Telephone Repairer
TAB02370;Telephone Supervisor
TAC01947;Telephone Systems Sales Director
TAB02371;Telephonist
TAD03323;Telesales Caller
TAD03324;Telesales Manager
TAC01948;Television Engineer 
TAD03336;Test Engineer
TAB02380;Test Pilots
TAD03321;Tester
TAC01949;Textile Worker
OC8159;Textile, fur and leather products machine operator  
TAB02393;Thatcher
TAC01950;Theatre Sound Engineer
TAB02398;Ticket Inspector
TAB02400;Tiler - 40\' up
TAB02401;Tiler - up to 40\'
TAB02402;Timber Merchant (no manual work)
TAB02405;Timberman
OC7516;Tobacco preparers and tobacco products maker
TAC01951;Tobacconist 
TAB02412;Tool Fitter
TAB02413;Tool Maker
TAB02414;Tool Pusher
TAB02417;Tour Guide
TAB02418;Tour Manager
TAB02419;Tower Crane Driver
TAB02420;Town Planner
TAB02421;Toxicologist
TAB02426;Trackman
OC3324;Trade broker
TAD03334;Trade Union Official (full time)
OC3230;Traditional and complementary medicine associate professional
OC2230;Traditional and complementary medicine professional
OC1113;Traditional chief and heads of village
TAB02427;Traffic Warden
TAB02428;Train Crew Inspector
TAB02429;Train Crew Supervisor
TAC01953;Train Driver
TAD03326;Trainer - education/office based
OC2424;Training and staff development professional
TAD03329;Tram Driver/Conductor
TAB02432;Translator
OC4323;Transport clerk
TAC01954;Transport Company Operations Manager (Office based) 
OC5112;Transport conductor
TAC01955;Transport Manager
TAC01956;Travel Agent (office based) 
OC5111;Travel attendants and travel steward
OC4221;Travel consultants and clerk
TAB02434;Travel Courier
OC5113;Travel guide
TAB02435;Trawlerman
OC6112;Tree and shrub crop grower
TAB02436;Tree Feller
TAB02437;Tree Surgeon
TAB02438;Trenchman
TAB02443;Tugman
TAB02449;Tunneller - no explosives etc
TAB02450;Tunneller - using explosives etc
TAC01957;Turf Accountant (on course) 
TAC01958;Turf Accountant (shop)
TAD03337;Turf Cutter/Layer
TAB02451;Turner - Machining, Shaping etc - Metal Manufacture
TAB02452;Turner - Pottery Industry
TAB02453;Turnstile Operator
TAB02454;Tutor (salaried)
TAB02455;Tutor (self-employed)
TAB02457;Type Caster
TAC01959;Typesetter
OC4131;Typists and word processing operator
TAB02459;Typograph Operator
TAB02460;Typographical Designer
TAD03322;Tyre/Exhaust Fitter
UAD03343;Umpire 
UAD03344;Under Secretary
UAB02463;Undertaker
UAB02464;Undertaker\'s Director\'s Assistant
OC7541;Underwater diver
UAB02465;Underwriter
UAC01960;Unemployed
IQ0113;Unemployed - on benefits
OC2310;University and higher education teacher
UAD03342;University lecturer
UAB02467;Upholsterer
IQ0114;Used Car Salesman/Trader
UAB02469;Usher/Usherette
VAD03348;Vacuum Plant Operator
VAB02470;Valet/Valeter
VAB02471;Valuer
VAD03345;Valveman
VAB02475;Van driver
VAB02476;Varnisher
VAB02477;Vatman
VAB02478;Vehicle Body Builder
VAB02479;Vehicle Body Fitter
OC9122;Vehicle cleaner
VAC01962;Vending Machine Engineer
VAB02480;Venetian Blind Maker
VAB02481;Ventriloquist
VAD03346;Venture Capitalist
VAB02482;Verger
VAB02483;Veterinarian
VAB02485;Veterinary Assistant
VAB02492;Vicar
VAC01963;Video Conference Engineer
VAB02493;Video Recorder Operator
VAD03347;Vintner
VAB02495;Vision Mixer
OC2651;Visual artist
VAB02496;Vocational Training Instructor
WAD03356;Wages Clerk
WAB02499;Wages Inspector
WAB02503;Waiter, Waitress
WAB02506;Wallpaper Printer
WAB02507;Warden
WAB02508;Wardrobe Mistress
WAB02510;Warehouse Manager
WAB02513;Warehouseman
WAD03352;Washer
WAD03353;Waste Disposal/Recycling Operative
WAB02518;Wasteman, Salvage Man
WAC01964;Watch & Clock Maker 
WAC01965;Watch & Clock Repairer
WAB02519;Watchman (inland waterways)
WAB02520;Watchstander
OC9624;Water and firewood collector
WAB02521;Water Bailiff
WAB02522;Water Infusion Man
WAD03351;Water Meter Reader/Fitter/Tester
WAB02524;Water Skiing - Prof. Instructor
WAD03354;Water Treatment Plant Operator
WAD03355;Waterworks Manager
WAD03357;Weaver
OC8152;Weaving and knitting machine operator
OC2513;Web and multimedia developer
OC3514;Web technician
WAD03359;Website/Webpage Designer
WAB02529;Wedding Photographer
WAB02530;Weighbridge Clerk
WAD03349;Weighbridgeman 
WAB02538;Weights & Measures Inspector
WAB02541;Welder - 40\' up
WAB02542;Welder - up to 40\'
WAB02546;Welfare Officer
WAB02547;Welfare Worker
OC8113;Well driller and borer and related worker
WAB02556;Wicker Worker
WAB02558;Wig Maker
WAB02561;Winch Operator
WAB02562;Winchman
WAB02564;Window Cleaner (40\' up)
WAB02565;Window Cleaner (up to 40\')
WAB02566;Window Dresser
WAD03358;Window/Conservatory Fitter
WAD03360;Windscreen Fitter/Repairer
WAB02567;Wire Winder
WAB02570;Wood Carver
OC8172;Wood processing plant operator
OC7521;Wood treater
WAD03350;Wood Worker
WAB02574;Woodcutter
WAB02575;Woodman
OC7523;Woodworking-machine tool setter and operator
WAC01966;Working Partner
WAB02581;Wrapping Machine Attendant
WAB02583;Writer
XAD03362;X-ray Technician - Radiologist
YAD03363;Yacht & Boat Builder
YAD03365;Yard Assistant
YAB02585;Yard Cleaner
YAD03364;Yarn Worker
YAD03366;Yoga Teacher
YAC01967;Youth Hostel Assistant and Cook 
YAC01968;Youth Hostel Manager (some manual work) 
YAB02586;Youth Leader (Full time)
YAD03367;Youth Worker (full time)
ZAD03370;Zoo Curator
ZAD03385;Zoo Director
ZAD03368;Zoo Keeper
ZAD03369;Zoo Keeper - large zoos
ZAD03371;Zoo Keeper - small zoos
ZAD03372;Zoological Research Associate
ZAD03373;Zoological Researcher
ZAD03374;Zoologist
ZAB02587;Zoologist (no overseas field work)
