<catalog>
    <widget>
        <name>widget-example</name>
        <contextItemName>[BBHOST]</contextItemName>
        <properties>
            <property label="Title" name="title" viewHint="text-input,admin">
                <value type="string"></value>
            </property>
            <property label="Icon" name="icon" viewHint="text-input,admin,designModeOnly">
                <value type="string"></value>
            </property>
            <property name="src">
                <value type="string">$(itemRoot)/index.html</value>
            </property>
            <property name="thumbnailUrl">
                <value type="string">$(itemRoot)/icon.png</value>
            </property>
            <!-- custom properties -->
            <!--  <property name="some-pref" label="Some preference" viewHint="text-input,admin,designModeOnly">
                <value type="string">some-value</value>
            </property> -->
        </properties>
        <tags>

        </tags>
    </widget>
</catalog>
