<?xml version="1.0" encoding="UTF-8"?>
<beans xmlns="http://www.springframework.org/schema/beans"
	xmlns:xsi="http://www.w3.org/2001/XMLSchema-instance"
	xmlns:util="http://www.springframework.org/schema/util"
	xmlns:context="http://www.springframework.org/schema/context"
	xmlns:mvc="http://www.springframework.org/schema/mvc"
	xmlns:task="http://www.springframework.org/schema/task"
	xmlns:sws="http://www.springframework.org/schema/web-services"
	xsi:schemaLocation="
		http://www.springframework.org/schema/beans http://www.springframework.org/schema/beans/spring-beans-3.1.xsd
		http://www.springframework.org/schema/util http://www.springframework.org/schema/util/spring-util-3.1.xsd
		http://www.springframework.org/schema/context http://www.springframework.org/schema/context/spring-context-3.1.xsd
        http://www.springframework.org/schema/mvc http://www.springframework.org/schema/mvc/spring-mvc-3.1.xsd
		http://www.springframework.org/schema/task http://www.springframework.org/schema/task/spring-task-3.1.xsd
		http://www.springframework.org/schema/web-services http://www.springframework.org/schema/web-services/web-services-2.0.xsd">

	<!-- 
		About the aquima: prefix:
		
		Resources that use the aquima: protocol are looked up from the aquima.home folder.
		If the resource is not found, the classpath is used.
		
		You can configure aquima.home in multiple ways, See SystemProperties. The easiest way is to
		start the vm with the extra argument -Daquima.home=YOUR_FOLDER 
	-->

	<import resource="aquima:security-config.xml" />
	
	<context:annotation-config />
	
	<!-- Timer/Scheduler -->
	<task:annotation-driven />
	
	<!-- From all jars on the classpath containing an aquima-plugin-context.xml, import it. -->
	<import resource="classpath*:aquima-plugin-context.xml" />
	
	<!-- 
	<bean id="sessionInfoProvider" class="com.aquima.web.framework.SessionInfoProvider" factory-method="getInstance" />	  
	-->
	<context:component-scan base-package="com.aquima.web.framework" />
	<context:component-scan base-package="com.aquima.server.config" />
	<context:component-scan base-package="com.aquima.web.config" />	
	<context:component-scan base-package="com.aquima.web.aaas" />	
	<context:component-scan base-package="com.aquima.web.shortcut" />
	<context:component-scan base-package="com.aquima.web.ui" />
	<context:component-scan base-package="com.aquima.web.components" />
	<context:component-scan base-package="com.aquima.web.controller" />
	<context:component-scan base-package="com.aquima.web.api.controller" />
	<context:component-scan base-package="com.aquima.web.communication" />	
	<context:component-scan base-package="com.aquima.web.executor"/>
	<context:component-scan base-package="com.aquima.web.service.dap" />
	
	<util:properties id="aquimaProperties" location="aquima:aquima.properties" />
	<util:properties id="languageFormats" location="aquima:language-formats.properties" />
	
	<bean name="aquimaConfiguration" class="com.aquima.web.config.ApplicationConfiguration"/>
	<bean class="org.springframework.beans.factory.config.MethodInvokingFactoryBean">
	    <property name="staticMethod" value="com.aquima.interactions.config.ConfigurationFactory.setConfiguration"/>
	    <property name="arguments">
	        <list>
	            <ref bean="aquimaConfiguration"/>
	        </list>
	    </property>
    </bean>
    
	<bean name="qrCodeGenerator" class="com.aquima.web.qrcode.QRCodeGenerator"/>
	<bean class="org.springframework.beans.factory.config.MethodInvokingFactoryBean">
		<property name="staticMethod" value="com.aquima.interactions.composer.qrcode.QRCodeProvider.setQRCodeGenerator"/>
		<property name="arguments">
			<list>
				<ref bean="qrCodeGenerator"/>
			</list>
		</property>
	</bean>
	<bean id="filterDelegateHandler" class="com.aquima.web.filter.FilterDelegateHandler"/>
	
	<sws:interceptors>
		<!-- allow BaaS to load and use classes defined in plugins -->
		<bean class="com.aquima.web.webinterceptor.PluginClassLoaderIntercepter" autowire="byType" />
	</sws:interceptors>
		
	<!-- import event-tracking beans -->
	<import resource="classpath*:/META-INF/spring/optional/*.xml"/>
	
</beans>
