<?xml version="1.0" encoding="UTF-8"?>
        <!--NOTE If no unit of time is specified, then the unit of time is assumed to be milliseconds,
        which is usually inappropriate. If you change the default scanning period, do not forget to
        specify a time unit.-->
    <configuration debug="false" scan="true" scanPeriod="30 seconds">


    <appender name="STDOUT" class="ch.qos.logback.core.ConsoleAppender">
        <encoder>
            <pattern>%d{HH:mm:ss.SSS} %contextName [%thread] -%mdc{user}-  %-5level %logger{36} - %msg%n</pattern>
        </encoder>
    </appender>

    <logger name="org.hibernate" level="ERROR"/>
    <logger name="org.springframework" level="ERROR"/>
    <logger name="org.apache" level="ERROR"/>
    <logger name="org.apache.camel" level="ERROR"/>
    <logger name="org.apache.velocity.app" level="OFF"/>
    <logger name="net.sf.ehcache" level="ERROR"/>
    <logger name="httpclient.wire.header" level="OFF"/>
    <logger name="httpclient.wire.content" level="OFF"/>
    <logger name="com.backbase" level="DEBUG"/>
    <logger name="com.backbase.portal" level="WARN"/>
    <logger name="com.aquima" level="WARN"/>
    <logger name="com.aquima.plugin.xslt.ui" level="ERROR"/>
    <logger name="co.uk.aldermore" level="DEBUG"/>
    <logger name="uk.co.aldermore" level="DEBUG"/>
    <logger name="com.aquima.interactions.framework.service.connectivity.webservice" level="DEBUG"/>
    <logger name="com.aquima.interactions.communication.impl.evaluator.composer.RestComposer" level="DEBUG"/>
    <logger name="com.aquima.interactions.communication.impl.evaluator.parser.RestParser" level="DEBUG"/>
    <logger name="com.aquima.interactions.mapping.impl.Mapping" level="DEBUG"/>
    <logger name="com.aquima.interactions.profile.model.InstanceManager" level="DEBUG"/>
    <logger name="com.aquima.interactions.portal.model.session.ServiceContext" level="DEBUG"/>
    <logger name="com.aquima.web.api.controller.SessionController" level="DEBUG"/>
    <logger name="com.aquima.interactions.portal.model.session.PortalSession" level="DEBUG"/>
    <logger name="com.aquima.interactions.composer.model.Composer" level="DEBUG"/>
    <logger name="com.aquima.interactions.portal.model.session.FlowHandler" level="DEBUG"/>

    <root level="INFO">
        <appender-ref ref="STDOUT"/>
    </root>

	 <root level="WARN">
        <appender-ref ref="STDOUT"/>
    </root>
	
</configuration>